game_start_sydney,league,game,final_score,alert_sent_sydney,hours_before_start,selection,market,bookmaker,aussie_price,us_fair_price,gap_pct,last_check_price,last_check,closing_value_pct,result,how_it_settled
2026-09-30 10:00,MLB,Boston Red Sox @ New York Yankees,"NYY 9, BOS 0",2026-09-30 06:04,3.9,Payton Tolle Under 4.5 hits allowed,Player props,TAB,1.85,1.74,6.2,1.58,dropped,5.5,lost,"He allowed 5 hits, over the 4.5 line"
2026-09-30 10:00,MLB,Boston Red Sox @ New York Yankees,"NYY 9, BOS 0",2026-09-30 06:04,3.9,Payton Tolle Under 17.5 outs recorded,Player props,TAB,1.75,1.53,14.2,1.55,dropped,13.2,won,"He recorded 14 outs, under the 17.5 line"
2026-10-01 12:00,MLB,Chicago Cubs @ San Diego Padres,"SD 4, CHC 1",2026-10-01 07:08,4.9,Kevin Gausman Over 4.5 hits allowed,Player props,TAB,2.60,2.26,15.0,2.60,held,10.5,won,"He allowed 5 hits, over the 4.5 line"
2026-10-02 09:00,NHL,Tampa Bay Lightning @ New York Rangers,"NYR 5, TBL 1",2026-10-01 23:27,9.5,Conor Geekie (anytime goal),Scorer markets,Neds,9.25,7.32,26.4,9.00,dropped,26.4,lost,He did not score
2026-10-02 10:15,NFL,Pittsburgh Steelers @ Cleveland Browns,"CLE 27, PIT 24",2026-09-29 22:38,59.6,Roman Wilson Over 2.5 receptions,Player props,TAB,2.30,2.17,5.8,2.00,dropped,-4.2,won,"3 catches, over the 2.5 line"
2026-10-02 10:15,NFL,Pittsburgh Steelers @ Cleveland Browns,"CLE 27, PIT 24",2026-09-29 22:38,59.6,Aaron Rodgers Over 34.5 pass attempts (TAB '35+'),Player props,TAB,2.10,1.98,6.1,1.90,dropped,0.4,won,"39-40 attempts, over the 34.5 line"
2026-10-02 10:15,NFL,Pittsburgh Steelers @ Cleveland Browns,"CLE 27, PIT 24",2026-09-30 06:04,52.2,Michael Pittman Over 3.5 receptions (TAB '4+'),Player props,TAB,2.35,2.18,7.6,2.25,dropped,4.2,lost,"2 catches, under the 3.5 line"
2026-10-02 10:15,NFL,Pittsburgh Steelers @ Cleveland Browns,"CLE 27, PIT 24",2026-09-30 06:04,52.2,Deshaun Watson Under 6.5 rush attempts,Player props,TAB,1.87,1.68,11.2,1.80,dropped,-1.5,lost,"7 attempts, over the 6.5 line"
2026-10-02 10:15,NFL,Pittsburgh Steelers @ Cleveland Browns,"CLE 27, PIT 24",2026-09-30 06:04,52.2,Aaron Rodgers Over 33.5 pass attempts,Player props,TAB,1.90,1.76,8.0,1.72,dropped,0.2,won,"39-40 attempts, over the 33.5 line"
2026-10-02 10:15,NFL,Pittsburgh Steelers @ Cleveland Browns,"CLE 27, PIT 24",2026-09-30 07:04,51.2,Roman Wilson Under 14.5 longest reception,Player props,TAB,1.90,1.75,8.5,,,12.8,lost,"Long of 49, over the 14.5 line"
2026-10-02 10:15,NFL,Pittsburgh Steelers @ Cleveland Browns,"CLE 27, PIT 24",2026-09-30 08:05,50.2,Jerry Jeudy Under 15.5 receiving yards,Player props,TAB,1.90,1.79,6.3,1.80,dropped,0.4,lost,"36 yards, over the 15.5 line"
2026-10-02 10:15,NFL,Pittsburgh Steelers @ Cleveland Browns,"CLE 27, PIT 24",2026-10-01 08:49,25.4,Roman Wilson Under 2.5 receptions,Player props,PointsBet,1.80,1.58,14.0,1.59,dropped,9.3,lost,"3 catches, over the 2.5 line"
2026-10-02 10:15,NFL,Pittsburgh Steelers @ Cleveland Browns,"CLE 27, PIT 24",2026-10-01 10:52,23.4,Deshaun Watson Under 28.5 pass attempts,Player props,TAB,2.10,1.89,11.2,1.95,dropped,2.9,lost,"33 attempts, over the 28.5 line"
2026-10-02 10:15,NFL,Pittsburgh Steelers @ Cleveland Browns,"CLE 27, PIT 24",2026-10-01 14:15,20.0,Pat Freiermuth Under 3.5 receptions,Player props,PointsBet,1.95,1.73,12.6,1.69,dropped,18.7,won,"3 catches, under the 3.5 line"
2026-10-02 10:15,NFL,Pittsburgh Steelers @ Cleveland Browns,"CLE 27, PIT 24",2026-10-01 15:13,19.0,Deshaun Watson Under 33.5 longest completion,Player props,TAB,1.90,1.75,8.7,,,9.9,lost,"Long of 60, over the 33.5 line"
2026-10-02 10:15,NFL,Pittsburgh Steelers @ Cleveland Browns,"CLE 27, PIT 24",2026-10-01 18:16,16.0,Darnell Washington Under 20.5 receiving yards,Player props,PointsBet,1.83,1.62,13.2,,,,lost,"27 yards, over the 20.5 line"
2026-10-02 10:15,NFL,Pittsburgh Steelers @ Cleveland Browns,"CLE 27, PIT 24",2026-10-01 21:13,13.0,Blake Whiteheart Under 0.5 receptions,Player props,TAB,2.20,2.04,8.0,2.30,longer,8.0,won,"He had 0 catches, under the 0.5 line"
2026-10-02 10:15,NFL,Pittsburgh Steelers @ Cleveland Browns,"CLE 27, PIT 24",2026-10-02 07:50,2.4,DK Metcalf Under 22.5 longest reception,Player props,TAB,1.80,1.65,8.9,,,9.1,lost,"Long of 43, over the 22.5 line"
2026-10-02 11:30,NHL,Chicago Blackhawks @ Utah Mammoth,"UTA 6, CHI 0",2026-10-01 23:27,12.0,Oliver Moore (anytime goal),Scorer markets,Neds,8.25,7.32,12.7,8.50,longer,12.7,lost,He did not score
2026-10-02 12:00,NHL,Edmonton Oilers @ Vancouver Canucks,"EDM 9, VAN 7",2026-10-01 23:27,12.5,Alex Formenton (anytime goal),Scorer markets,Neds,10.50,5.79,81.2,10.00,dropped,96.8,lost,He did not score
2026-10-03 09:00,College football,Liberty @ Delaware,"Liberty 30, Delaware 14",2026-10-02 21:53,11.1,Liberty -7.5,Sharp-money moves,Betfair,2.15,2.09,2.8,,,,won,"Liberty won by 16, covering the 7.5 line"
2026-10-03 10:00,NHL,Boston Bruins @ Winnipeg Jets,"BOS 4, WPG 3",2026-10-02 14:19,19.7,Viggo Bjorck (anytime goal),Scorer markets,Neds,19.00,5.49,246.1,,,,lost,He played and didn't score
2026-10-03 10:00,College football,Penn State @ Northwestern,"Northwestern 34, Penn State 13",2026-10-02 15:27,18.6,Under 44,Sharp-money moves,Betfair,2.18,2.17,0.8,,,,lost,"47 total points, over the 44 line"
2026-10-03 10:00,College football,Penn State @ Northwestern,"Northwestern 34, Penn State 13",2026-10-02 21:53,12.1,Penn State -3.5,Sharp-money moves,Betfair,2.15,2.10,2.5,,,,lost,Penn State lost by 21
2026-10-04 03:00,College football,Alabama @ Mississippi State,"Alabama 56, Mississippi State 23",2026-10-02 07:50,42.2,Over 61,Sharp-money moves,Betfair,2.05,2.05,0.0,1.74,dropped,10.5,won,"79 total points, over the 61 line"
2026-10-04 03:00,College football,Notre Dame @ North Carolina,"Notre Dame 37, North Carolina 26",2026-10-03 10:17,15.7,Under 46,Sharp-money moves,Betfair,2.05,2.05,0.0,2.03,dropped,-0.1,lost,"63 total points, over the 46 line"
2026-10-04 03:00,College football,Stanford @ Wake Forest,"Wake Forest 57, Stanford 3",2026-10-03 23:49,2.2,Over 55.5,Sharp-money moves,Unibet,2.12,2.12,0.0,2.12,held,0.0,won,"60 total points, over the 55.5 line"
2026-10-04 03:00,College football,Michigan @ Minnesota,"Minnesota 20, Michigan 14",2026-10-04 00:54,1.1,Under 40,Sharp-money moves,Betfair,2.18,2.17,0.8,2.20,longer,0.8,won,"34 total points, under the 40 line"
2026-10-04 04:00,College football,Western Michigan @ Buffalo,"Western Michigan 20, Buffalo 17",2026-10-03 04:34,22.4,Under 44,Sharp-money moves,Betfair,2.20,2.17,1.7,2.07,dropped,2.5,won,"37 total points, under the 44 line"
2026-10-04 04:00,MLB,Chicago White Sox @ Cleveland Guardians,"CWS 3, CLE 0",2026-10-04 03:54,0.1,Under 6.5,Sharp-money moves,TAB,2.10,2.14,-1.8,,,,won,"3 total runs, under the 6.5 line"
2026-10-04 05:00,College football,Toledo @ Ball State,"Toledo 39, Ball State 24",2026-10-04 04:54,0.1,Over 52.5,Sharp-money moves,Betfair,1.98,2.00,-1.1,,,,won,"63 total points, over the 52.5 line"
2026-10-04 06:30,College football,Louisville @ NC State,"NC State 31, Louisville 28",2026-10-02 21:53,31.6,NC State +2.5,Sharp-money moves,Betfair,2.24,2.21,1.6,2.15,dropped,-5.7,won,"NC State won outright by 3, so it covers +2.5"
2026-10-04 06:30,College football,Bowling Green @ Miami (OH),"Bowling Green 24, Miami",2026-10-04 03:00,3.5,Under 41.5,Sharp-money moves,Unibet,1.97,2.00,-1.5,1.91,dropped,-1.5,lost,"44 total points, over the 41.5 line"
2026-10-04 07:00,College football,UTEP @ New Mexico,"New Mexico 61, UTEP 7",2026-10-03 12:20,17.7,New Mexico -25,Sharp-money moves,Unibet,2.28,2.22,2.8,2.20,dropped,5.1,won,"New Mexico won by 54, well past the 25-point line"
2026-10-04 10:00,NHL,Montreal Canadiens @ Pittsburgh Penguins,"PIT 6, MTL 5",2026-10-02 21:53,35.1,Under 6.5,Game lines,Betr,2.05,1.82,12.6,1.85,dropped,2.5,lost,"11 goals, well over the 6.5 line"
2026-10-04 10:00,NHL,Ottawa Senators @ Toronto Maple Leafs,"OTT 3, TOR 2",2026-10-03 10:17,22.7,Easton Cowan (anytime goal),Scorer markets,Unibet,5.75,5.12,12.2,4.70,dropped,7.1,lost,
2026-10-04 10:00,NHL,Seattle Kraken @ Edmonton Oilers,"EDM 3, SEA 1",2026-10-03 11:22,21.6,Isaac Howard (anytime goal),Scorer markets,Unibet,7.00,6.10,14.8,6.40,dropped,4.3,lost,
2026-10-04 10:00,NHL,Chicago Blackhawks @ Buffalo Sabres,"BUF 4, CHI 3",2026-10-03 17:20,15.7,Oliver Moore (anytime goal),Scorer markets,Neds,8.75,7.32,19.5,8.50,dropped,19.5,won,
2026-10-04 10:00,NHL,Seattle Kraken @ Edmonton Oilers,"EDM 3, SEA 1",2026-10-03 19:16,13.7,Trent Frederic (anytime goal),Scorer markets,Neds,9.00,7.93,13.5,8.75,dropped,11.4,lost,
2026-10-04 10:00,NHL,Washington Capitals @ Tampa Bay Lightning,"TBL 3, WSH 1",2026-10-03 21:17,11.7,Ilya Protas (anytime goal),Scorer markets,Neds,7.25,6.10,18.9,,,18.9,lost,
2026-10-04 10:00,NHL,Ottawa Senators @ Toronto Maple Leafs,"OTT 3, TOR 2",2026-10-04 03:00,7.0,Toronto Maple Leafs,Sharp-money moves,PointsBet,1.90,1.94,-1.9,1.90,held,-2.9,lost,Ottawa won
2026-10-04 10:00,NHL,Washington Capitals @ Tampa Bay Lightning,"TBL 3, WSH 1",2026-10-04 03:54,6.1,Gage Goncalves (anytime goal),Scorer markets,Neds,6.75,4.73,42.8,6.60,dropped,41.9,lost,
2026-10-04 10:00,NHL,Washington Capitals @ Tampa Bay Lightning,"TBL 3, WSH 1",2026-10-04 05:57,4.0,Tampa Bay Lightning,Sharp-money moves,TAB,1.55,1.57,-1.1,1.50,dropped,-1.1,won,
2026-10-04 10:30,College football,Washington @ USC,"USC 25, Washington 21",2026-10-02 08:29,49.0,Over 59.5,Sharp-money moves,Betfair,2.13,2.10,1.1,2.15,longer,-2.1,lost,"46 total points, well under the 59.5 line"
2026-10-04 10:30,College football,Temple @ South Florida,"TEM 17, USF 13",2026-10-02 08:29,49.0,South Florida -7.5,Sharp-money moves,Betfair,2.24,2.15,4.2,,,-1.2,lost,South Florida lost the game outright by 4
2026-10-04 10:30,College football,Texas Tech @ Colorado,"TTU 29, COLO 7",2026-10-03 10:50,22.7,Under 49,Sharp-money moves,Unibet,2.04,2.07,-1.4,2.02,dropped,-6.3,won,"36 points, under 49"
2026-10-04 10:30,College football,Washington @ USC,"USC 25, Washington 21",2026-10-04 04:54,5.6,Washington +6,Sharp-money moves,Unibet,2.23,2.22,0.3,2.17,dropped,2.0,won,"Washington lost by 4, inside the 6-point start"
2026-10-04 10:30,College football,Miami @ Clemson,"Miami 41, Clemson 13",2026-10-04 09:17,1.2,Under 47,Sharp-money moves,Betfair,2.17,2.16,0.5,2.18,longer,0.3,lost,"54 total points, over the 47 line"
2026-10-04 10:30,College football,Miami @ Clemson,"Miami 41, Clemson 13",2026-10-04 09:48,0.7,Clemson +13.5,Sharp-money moves,Betfair,2.11,2.08,1.5,2.11,held,1.5,lost,"Clemson lost by 28, beyond the 13.5-point start"
2026-10-04 11:00,NHL,Boston Bruins @ Minnesota Wild,"MIN 4, BOS 1",2026-10-03 17:20,16.7,Maxim Shabanov (anytime goal),Scorer markets,Neds,5.75,5.12,12.2,5.25,dropped,17.8,lost,
2026-10-04 11:00,College football,Arkansas State @ Louisiana,"Louisiana 23, Arkansas State 20",2026-10-04 05:57,5.0,Louisiana -7,Sharp-money moves,Betfair,2.22,2.17,2.4,2.26,longer,-0.1,lost,"Louisiana won by 3, short of the 7 needed"
2026-10-04 11:00,College football,Arkansas State @ Louisiana,"Louisiana 23, Arkansas State 20",2026-10-04 10:24,0.6,Arkansas State +4,Sharp-money moves,Unibet,2.10,2.13,-1.5,,,,won,"Arkansas State lost by 3, inside the 4-point start"
2026-10-04 12:00,NHL,St. Louis Blues @ Colorado Avalanche,"COL 6, STL 1",2026-10-03 19:16,15.7,T.J. Hughes (anytime goal),Scorer markets,Neds,23.00,5.12,348.9,3.80,dropped,296.9,lost,He did not score
2026-10-04 13:00,NHL,Los Angeles Kings @ San Jose Sharks,"SJS 5, LAK 4",2026-10-03 17:20,18.7,Alex Turcotte (anytime goal),Scorer markets,Neds,11.50,5.66,103.3,10.50,dropped,90.5,lost,He did not score
2026-10-04 13:30,College football,Baylor @ Arizona State,"BAY 55, ASU 19",2026-10-04 05:57,7.5,Baylor +2,Sharp-money moves,Betfair,2.26,2.25,0.4,1.98,dropped,2.7,won,Baylor won outright by 36
2026-10-04 13:30,College football,Baylor @ Arizona State,"BAY 55, ASU 19",2026-10-04 07:22,6.1,Under 46.5,Sharp-money moves,TAB,2.25,2.22,1.3,,,-4.3,lost,"74 total points, over the 46.5 line"
2026-10-05 00:30,NFL,Indianapolis Colts @ Washington Commanders,"IND 30, WSH 13",2026-09-29 22:38,120.9,Daniel Jones Over 0.5 interceptions thrown,Player props,TAB,2.20,2.08,5.7,2.00,dropped,5.4,won,"He threw at least one interception, over the 0.5 line"
2026-10-05 00:30,NFL,Indianapolis Colts @ Washington Commanders,"IND 30, WAS 13",2026-09-30 06:04,113.4,Jonathan Taylor Under 21.5 rush attempts,Player props,TAB,1.87,1.66,12.6,,,7.5,won,"20 attempts, under the 21.5 line"
2026-10-05 00:30,NFL,Indianapolis Colts @ Washington Commanders,"IND 30, WAS 13",2026-09-30 06:04,113.4,Josh Downs Over 5.5 receptions (TAB '6+'),Player props,TAB,2.65,2.33,13.5,,,,lost,"3 catches, short of 6"
2026-10-05 00:30,NFL,Indianapolis Colts @ Washington Commanders,"IND 30, WAS 13",2026-10-01 06:08,89.4,Jacory Croskey-Merritt Under 14.5 rush attempts,Player props,TAB,2.05,1.66,23.5,2.10,longer,4.2,won,"9 attempts, under the 14.5 line"
2026-10-05 00:30,NFL,Indianapolis Colts @ Washington Commanders,"IND 30, WAS 13",2026-10-01 11:12,84.3,Marcus Mariota Under 30.5 rushing yards,Player props,TAB,1.90,1.73,10.1,,,15.2,lost,"35 yards, over the 30.5 line"
2026-10-05 00:30,NFL,Indianapolis Colts @ Washington Commanders,"IND 30, WAS 13",2026-10-01 23:27,72.0,Terry McLaurin Under 4.5 receptions,Player props,PointsBet,1.87,1.72,9.0,,,,void,Player did not play
2026-10-05 00:30,NFL,Indianapolis Colts @ Washington Commanders,"IND 30, WAS 13",2026-10-02 07:50,63.7,Seth McGowan Under 5.5 rushing yards,Player props,TAB,2.10,1.91,10.1,2.25,longer,-1.4,lost,"31 yards, over the 5.5 line"
2026-10-05 00:30,NFL,Indianapolis Colts @ Washington Commanders,"IND 30, WAS 13",2026-10-02 10:36,60.9,Marcus Mariota Under 30.5 rushing yards,Player props,PointsBet,1.90,1.72,10.5,,,15.2,lost,"35 yards, over the 30.5 line"
2026-10-05 00:30,NFL,Indianapolis Colts @ Washington Commanders,"IND 30, WAS 13",2026-10-02 13:29,58.0,Laquon Treadwell Under 15.5 receiving yards,Player props,PointsBet,1.83,1.64,11.9,,,,lost,"42 yards, over the 15.5 line"
2026-10-05 00:30,NFL,Indianapolis Colts @ Washington Commanders,"IND 30, WAS 13",2026-10-02 16:18,55.2,Antonio Williams Under 20.5 receiving yards,Player props,PointsBet,1.83,1.65,11.1,,,,lost,"21 yards, over the 20.5 line"
2026-10-05 00:30,NFL,Indianapolis Colts @ Washington Commanders,"IND 30, WAS 13",2026-10-02 21:53,49.6,Tyler Warren Under 50.5 receiving yards,Player props,PointsBet,2.00,1.80,10.9,,,-8.8,won,"41 yards, under the 50.5 line"
2026-10-05 00:30,NFL,Indianapolis Colts @ Washington Commanders,"IND 30, WAS 13",2026-10-02 21:53,49.6,Jacory Croskey-Merritt Over 69.5 rushing yards (PointsBet '70+'),Player props,PointsBet,2.85,2.54,12.4,2.20,dropped,10.8,lost,"15 rushing yards, short of 70"
2026-10-05 00:30,NFL,Indianapolis Colts @ Washington Commanders,"IND 30, WAS 13",2026-10-03 01:28,46.0,Chig Okonkwo Under 25.5 receiving yards,Player props,TAB,1.95,1.70,14.9,,,-10.6,won,"5 yards, under the 25.5 line"
2026-10-05 00:30,NFL,Indianapolis Colts @ Washington Commanders,"IND 30, WAS 13",2026-10-03 02:25,45.1,Daniel Jones Under 15.5 rushing yards,Player props,TAB,1.75,1.57,11.5,,,12.6,won,"2 yards, under the 15.5 line"
2026-10-05 00:30,NFL,Indianapolis Colts @ Washington Commanders,"IND 30, WAS 13",2026-10-03 03:30,44.0,Darius Slayton Under 16.5 receiving yards,Player props,Neds,1.88,1.68,12.3,,,,void,Player did not play
2026-10-05 00:30,NFL,Indianapolis Colts @ Washington Commanders,"IND 30, WSH 13",2026-10-03 04:34,42.9,Jacory Croskey-Merritt (last touchdown scorer),Scorer markets,TAB,11.00,9.75,12.8,11.00,held,12.8,lost,He scored no touchdown
2026-10-05 00:30,NFL,Indianapolis Colts @ Washington Commanders,"IND 30, WAS 13",2026-10-03 04:34,42.9,Terry McLaurin Under 55.5 receiving yards,Player props,PointsBet,1.87,1.71,9.1,,,,void,Player did not play
2026-10-05 00:30,NFL,Indianapolis Colts @ Washington Commanders,"IND 30, WAS 13",2026-10-03 04:34,42.9,Marcus Mariota Over 5.5 rush attempts,Player props,Sportsbet,2.16,1.76,22.8,2.16,held,-7.7,lost,"1 attempt, under the 5.5 line"
2026-10-05 00:30,NFL,Indianapolis Colts @ Washington Commanders,"IND 30, WAS 13",2026-10-03 04:34,42.9,Stefon Diggs Under 4.5 receptions,Player props,TAB,1.85,1.70,8.7,,,,lost,"5 catches, over the 4.5 line"
2026-10-05 00:30,NFL,Indianapolis Colts @ Washington Commanders,"IND 30, WAS 13",2026-10-03 04:34,42.9,Josh Downs Under 5.5 receptions,Player props,TAB,1.90,1.70,11.6,,,,won,"3 catches, under the 5.5 line"
2026-10-05 00:30,NFL,Indianapolis Colts @ Washington Commanders,"IND 30, WAS 13",2026-10-03 15:17,32.2,Chig Okonkwo Under 2.5 receptions,Player props,TAB,2.20,2.01,9.3,,,,won,"2 catches, under the 2.5 line"
2026-10-05 00:30,NFL,Indianapolis Colts @ Washington Commanders,"IND 30, WAS 13",2026-10-04 03:00,21.5,Laquon Treadwell Under 1.5 receptions,Player props,Sportsbet,2.19,1.59,37.7,2.28,longer,-13.3,lost,"5 catches, over the 1.5 line"
2026-10-05 00:30,NFL,Indianapolis Colts @ Washington Commanders,"IND 30, WSH 13",2026-10-04 03:00,21.5,Marcus Mariota Over 200.5 passing yards,Player props,TAB,2.10,1.75,19.9,1.72,dropped,11.0,lost,Far under the 200.5 line
2026-10-05 00:30,NFL,Indianapolis Colts @ Washington Commanders,"IND 30, WAS 13",2026-10-04 03:00,21.5,Josh Downs Under 71.5 receiving yards,Player props,Sportsbet,1.88,1.65,13.9,1.88,held,0.4,won,"16 yards, under the 71.5 line"
2026-10-05 00:30,NFL,Indianapolis Colts @ Washington Commanders,"IND 30, WSH 13",2026-10-04 03:00,21.5,Marcus Mariota Over 29.5 pass attempts (TAB '30+'),Player props,TAB,2.35,1.82,28.8,1.62,dropped,16.4,lost,"He attempted only about 4 passes, under 30"
2026-10-05 00:30,NFL,Indianapolis Colts @ Washington Commanders,"IND 30, WAS 13",2026-10-04 03:54,20.6,Laquon Treadwell Over 19.5 receiving yards (Neds '20+'),Player props,Neds,2.25,1.79,25.5,1.57,dropped,30.0,won,"42 yards, at or above 20"
2026-10-05 00:30,NFL,Indianapolis Colts @ Washington Commanders,"IND 30, WAS 13",2026-10-04 03:54,20.6,Stefon Diggs (last touchdown scorer),Scorer markets,Neds,17.00,14.95,13.7,12.00,dropped,18.9,lost,The last TD was Daniel Jones' 4-yd run
2026-10-05 00:30,NFL,Indianapolis Colts @ Washington Commanders,"IND 30, WAS 13",2026-10-04 03:54,20.6,Laquon Treadwell (anytime touchdown),Scorer markets,TAB,6.50,5.75,13.0,5.50,dropped,22.9,lost,He played but did not score
2026-10-05 00:30,NFL,Indianapolis Colts @ Washington Commanders,"IND 30, WAS 13",2026-10-04 04:54,19.6,Stefon Diggs (anytime touchdown),Scorer markets,Neds,3.75,3.33,12.4,3.10,dropped,8.7,lost,He played but did not score
2026-10-05 00:30,NFL,Indianapolis Colts @ Washington Commanders,"IND 30, WAS 13",2026-10-04 10:24,14.1,Treylon Burks Under 20.5 receiving yards,Player props,Unibet,1.85,1.70,9.1,,,2.3,lost,"47 yards, over the 20.5 line"
2026-10-05 04:00,NFL,New York Jets @ Chicago Bears,"CHI 23, NYJ 12",2026-09-29 16:32,130.5,Over 41.5,Game lines,TAB,1.90,1.84,3.4,1.65,dropped,5.7,lost,"35 total points, under the 41.5 line"
2026-10-05 04:00,NFL,New York Jets @ Chicago Bears,"CHI 23, NYJ 12",2026-09-29 20:03,126.9,Chicago Bears -3.5,Game lines,TAB,2.05,2.00,2.5,1.90,dropped,2.5,won,"The Bears won by 11, covering the 3.5-point line"
2026-10-05 04:00,NFL,Jacksonville Jaguars @ Cincinnati Bengals,"JAX 22, CIN 17",2026-09-30 06:04,116.9,Bengals Over 26.5 (team total),Team totals,TAB,2.00,1.93,3.8,1.85,dropped,6.6,lost,"The Bengals scored 17, under the 26.5 line"
2026-10-05 04:00,NFL,New England Patriots @ Buffalo Bills,"NE 29, BUF 26",2026-09-30 07:04,115.9,New England Patriots,Game lines,Sportsbet,3.78,3.64,3.8,3.82,longer,-2.2,won,The Patriots won the game
2026-10-05 04:00,NFL,New England Patriots @ Buffalo Bills,"NE 29, BUF 26",2026-09-30 07:04,115.9,Josh Allen Over 29.5 pass attempts (TAB '30+'),Player props,TAB,2.10,1.91,9.9,1.75,dropped,7.5,won,"33 attempts, at least 30"
2026-10-05 04:00,NFL,New England Patriots @ Buffalo Bills,"NE 29, BUF 26",2026-09-30 07:04,115.9,James Cook Under 1.5 receptions,Player props,TAB,2.30,1.85,24.3,1.75,dropped,18.6,lost,"2 catches, over 1.5"
2026-10-05 04:00,NFL,New England Patriots @ Buffalo Bills,"NE 29, BUF 26",2026-09-30 07:04,115.9,Hunter Henry Over 3.5 receptions,Player props,TAB,2.20,2.06,6.7,2.40,longer,-4.2,won,"5 catches, over 3.5"
2026-10-05 04:00,NFL,New England Patriots @ Buffalo Bills,"NE 29, BUF 26",2026-09-30 08:05,114.9,Keon Coleman Under 15.5 receiving yards,Player props,TAB,1.95,1.69,15.5,1.68,dropped,12.0,lost,"116 yards, over 15.5"
2026-10-05 04:00,NFL,New England Patriots @ Buffalo Bills,"NE 29, BUF 26",2026-09-30 08:05,114.9,Josh Allen Over 0.5 interceptions thrown,Player props,TAB,2.45,2.18,12.2,2.25,dropped,10.7,won,"1 interception, over 0.5"
2026-10-05 04:00,NFL,New England Patriots @ Buffalo Bills,"NE 29, BUF 26",2026-09-30 08:05,114.9,Hunter Henry Over 30.5 receiving yards,Player props,TAB,1.85,1.73,6.9,1.80,dropped,-7.5,won,"62 yards, over 30.5"
2026-10-05 04:00,NFL,Dallas Cowboys @ Houston Texans,"DAL 34, HOU 30",2026-09-30 15:04,107.9,Dak Prescott Under 0.5 interceptions thrown,Player props,TAB,2.20,2.05,7.3,2.20,held,5.5,won,"0 interceptions, under 0.5"
2026-10-05 04:00,NFL,Dallas Cowboys @ Houston Texans,"DAL 34, HOU 30",2026-09-30 15:04,107.9,David Montgomery Under 1.5 receptions,Player props,TAB,2.40,2.19,9.8,1.95,dropped,12.9,won,"0 catches (at most 1 even counting the lateral), under 1.5"
2026-10-05 04:00,NFL,New England Patriots @ Buffalo Bills,"NE 29, BUF 26",2026-09-30 15:04,107.9,Drake Maye Over 4.5 rush attempts,Player props,TAB,1.85,1.59,16.5,,,,won,"8 rush attempts, over 4.5"
2026-10-05 04:00,NFL,New England Patriots @ Buffalo Bills,"NE 29, BUF 26",2026-09-30 15:04,107.9,Josh Allen Over 6.5 rush attempts,Player props,TAB,1.65,1.51,9.0,1.58,dropped,8.3,lost,"5 rush attempts, under 6.5"
2026-10-05 04:00,NFL,Arizona Cardinals @ New York Giants,"NYG 36, ARI 24",2026-10-01 06:08,92.9,Jameis Winston Under 220.5 passing yards,Player props,TAB,2.05,1.83,12.2,,,19.7,lost,"250 yards, over 220.5"
2026-10-05 04:00,NFL,Tennessee Titans @ Baltimore Ravens,"BAL 24, TEN 18",2026-10-01 06:08,92.9,Tony Pollard Under 10.5 receiving yards,Player props,TAB,2.05,1.79,14.7,1.72,dropped,22.7,won,"2 yards, under 10.5"
2026-10-05 04:00,NFL,Los Angeles Rams @ Philadelphia Eagles,"LAR 24, PHI 20",2026-10-01 06:08,92.9,Zach Ertz (last touchdown scorer),Scorer markets,Neds,31.00,27.30,13.6,21.00,dropped,25.5,lost,The last TD was Kyren Williams'
2026-10-05 04:00,NFL,Arizona Cardinals @ New York Giants,"NYG 36, ARI 24",2026-10-01 06:08,92.9,Malik Nabers Under 60.5 receiving yards,Player props,TAB,1.90,1.63,16.5,1.90,held,12.2,lost,"112 yards, over 60.5"
2026-10-05 04:00,NFL,New York Jets @ Chicago Bears,"CHI 23, NYJ 12",2026-10-01 07:08,91.9,Colston Loveland Over 3.5 receptions (TAB '4+'),Player props,TAB,2.75,2.42,13.9,2.00,dropped,22.9,won,"6 catches, at least 4"
2026-10-05 04:00,NFL,Tennessee Titans @ Baltimore Ravens,"BAL 24, TEN 18",2026-10-01 07:08,91.9,Tony Pollard Under 65.5 rushing + receiving yards,Player props,TAB,1.95,1.73,12.6,,,15.4,won,"50 yards, under 65.5"
2026-10-05 04:00,NFL,Los Angeles Rams @ Philadelphia Eagles,"LAR 24, PHI 20",2026-10-01 08:49,90.2,Davante Adams Over 55.5 receiving yards,Player props,TAB,1.87,1.65,13.5,,,5.0,lost,"32 yards, under 55.5"
2026-10-05 04:00,NFL,New England Patriots @ Buffalo Bills,"NE 29, BUF 26",2026-10-01 08:49,90.2,Dawson Knox (anytime touchdown),Scorer markets,PointsBet,8.00,6.90,15.9,7.00,dropped,3.2,lost,He didn't score
2026-10-05 04:00,NFL,New England Patriots @ Buffalo Bills,"NE 29, BUF 26",2026-10-01 08:49,90.2,TreVeyon Henderson Under 10.5 receiving yards,Player props,PointsBet,1.77,1.55,14.1,1.71,dropped,14.1,won,"0 receiving yards, under 10.5"
2026-10-05 04:00,NFL,New York Jets @ Chicago Bears,"CHI 23, NYJ 12",2026-10-01 08:49,90.2,Colston Loveland Under 30.5 receiving yards,Player props,TAB,2.00,1.77,13.0,,,-7.1,lost,"57 yards, over 30.5"
2026-10-05 04:00,NFL,Arizona Cardinals @ New York Giants,"NYG 36, ARI 24",2026-10-01 08:49,90.2,Marvin Harrison Under 35.5 receiving yards,Player props,PointsBet,1.87,1.67,12.0,1.83,dropped,4.2,won,"12 yards, under 35.5"
2026-10-05 04:00,NFL,Dallas Cowboys @ Houston Texans,"DAL 34, HOU 30",2026-10-01 10:52,88.1,Xavier Hutchinson Under 30.5 receiving yards,Player props,TAB,1.95,1.79,9.1,1.87,dropped,16.8,lost,"46 yards, over 30.5"
2026-10-05 04:00,NFL,Dallas Cowboys @ Houston Texans,"DAL 34, HOU 30",2026-10-01 10:52,88.1,Woody Marks Under 10.5 rush attempts,Player props,TAB,1.68,1.53,9.6,,,10.1,won,"6 attempts, under 10.5"
2026-10-05 04:00,NFL,Dallas Cowboys @ Houston Texans,"DAL 34, HOU 30",2026-10-01 10:52,88.1,Dak Prescott Under 37.5 pass attempts,Player props,TAB,1.72,1.55,10.8,,,11.3,lost,"45 attempts, over 37.5"
2026-10-05 04:00,NFL,Dallas Cowboys @ Houston Texans,"DAL 34, HOU 30",2026-10-01 10:52,88.1,Jaylin Noel Under 10.5 receiving yards,Player props,TAB,1.90,1.72,10.4,2.05,longer,-6.4,lost,"85 yards, over 10.5"
2026-10-05 04:00,NFL,Los Angeles Rams @ Philadelphia Eagles,"LAR 24, PHI 20",2026-10-01 10:52,88.1,Saquon Barkley Under 18.5 rush attempts,Player props,TAB,2.00,1.82,9.7,,,,won,"2 attempts, under 18.5"
2026-10-05 04:00,NFL,New York Jets @ Chicago Bears,"CHI 23, NYJ 12",2026-10-01 11:12,87.8,Kalif Raymond Under 35.5 receiving yards,Player props,TAB,1.95,1.79,8.9,,,15.5,won,"6 yards, under 35.5"
2026-10-05 04:00,NFL,Arizona Cardinals @ New York Giants,"NYG 36, ARI 24",2026-10-01 12:12,86.8,Jacoby Brissett Under 10.5 rushing yards,Player props,TAB,2.00,1.60,24.8,,,23.8,lost,"18 yards, over 10.5"
2026-10-05 04:00,NFL,Arizona Cardinals @ New York Giants,"NYG 36, ARI 24",2026-10-01 12:12,86.8,Najee Harris Under 25.5 rushing yards,Player props,TAB,2.00,1.78,12.6,,,13.0,lost,"30 yards, over 25.5"
2026-10-05 04:00,NFL,Jacksonville Jaguars @ Cincinnati Bengals,"JAX 22, CIN 17",2026-10-01 12:12,86.8,Trevor Lawrence Under 15.5 rushing yards,Player props,TAB,1.87,1.73,8.2,1.75,dropped,3.0,won,"0 rushing yards, under 15.5"
2026-10-05 04:00,NFL,New York Jets @ Chicago Bears,"CHI 23, NYJ 12",2026-10-01 13:12,85.8,Braelon Allen Under 10.5 receiving yards,Player props,TAB,2.10,1.93,9.1,2.10,held,3.2,won,"8 receiving yards, under 10.5"
2026-10-05 04:00,NFL,Green Bay Packers @ Tampa Bay Buccaneers,"GB 17, TB 14",2026-10-01 13:12,85.8,Bucky Irving Under 15.5 receiving yards,Player props,PointsBet,1.77,1.63,8.5,,,8.8,won,"0 receiving yards, under 15.5"
2026-10-05 04:00,NFL,Green Bay Packers @ Tampa Bay Buccaneers,"GB 17, TB 14",2026-10-01 14:15,84.7,Jonnu Smith Under 10.5 receiving yards,Player props,PointsBet,1.77,1.55,13.9,,,,lost,"19 yards, over 10.5"
2026-10-05 04:00,NFL,Arizona Cardinals @ New York Giants,"NYG 36, ARI 24",2026-10-01 14:15,84.7,Darnell Mooney Under 25.5 receiving yards,Player props,TAB,1.85,1.59,16.2,,,17.8,won,"0 yards, under 25.5"
2026-10-05 04:00,NFL,Green Bay Packers @ Tampa Bay Buccaneers,"GB 17, TB 14",2026-10-01 15:13,83.8,Jonnu Smith Under 10.5 receiving yards,Player props,TAB,1.75,1.56,11.9,,,,lost,"19 yards, over 10.5"
2026-10-05 04:00,NFL,Green Bay Packers @ Tampa Bay Buccaneers,"GB 17, TB 14",2026-10-01 18:16,80.7,MarShawn Lloyd Under 35.5 rushing + receiving yards,Player props,PointsBet,1.87,1.70,10.2,1.83,dropped,8.8,lost,"49 yards, over 35.5"
2026-10-05 04:00,NFL,Tennessee Titans @ Baltimore Ravens,"BAL 24, TEN 18",2026-10-01 18:16,80.7,Lamar Jackson Under 27.5 pass attempts,Player props,TAB,2.05,1.89,8.7,1.75,dropped,25.2,won,"20 attempts, under 27.5"
2026-10-05 04:00,NFL,Jacksonville Jaguars @ Cincinnati Bengals,"JAX 22, CIN 17",2026-10-01 18:16,80.7,Brian Thomas Under 30.5 receiving yards,Player props,TAB,2.00,1.84,8.6,1.75,dropped,17.2,won,"17 yards, under 30.5"
2026-10-05 04:00,NFL,Jacksonville Jaguars @ Cincinnati Bengals,"JAX 22, CIN 17",2026-10-01 23:27,75.5,Jakobi Meyers Under 45.5 receiving yards,Player props,TAB,1.85,1.69,9.3,,,8.0,won,"33 yards, under 45.5"
2026-10-05 04:00,NFL,Dallas Cowboys @ Houston Texans,"DAL 34, HOU 30",2026-10-02 07:50,67.2,Jake Ferguson Under 3.5 receptions,Player props,TAB,1.95,1.80,8.5,1.95,held,6.3,won,"3 catches, under 3.5"
2026-10-05 04:00,NFL,Green Bay Packers @ Tampa Bay Buccaneers,"GB 17, TB 14",2026-10-02 07:50,67.2,Kenneth Gainwell Under 30.5 rushing + receiving yards,Player props,TAB,1.95,1.74,12.0,,,12.9,won,"27 yards, under 30.5"
2026-10-05 04:00,NFL,Los Angeles Rams @ Philadelphia Eagles,"LAR 24, PHI 20",2026-10-02 07:50,67.2,Johnny Mundt Under 10.5 receiving yards,Player props,PointsBet,1.80,1.56,15.1,1.87,longer,8.4,won,"0 yards, under the 10.5 line"
2026-10-05 04:00,NFL,Green Bay Packers @ Tampa Bay Buccaneers,"GB 17, TB 14",2026-10-02 07:50,67.2,Jalon Daniels Under 28.5 pass attempts,Player props,TAB,2.05,1.74,18.1,1.72,dropped,20.9,won,"27 attempts, under 28.5"
2026-10-05 04:00,NFL,New England Patriots @ Buffalo Bills,"NE 29, BUF 26",2026-10-02 07:50,67.2,James Cook Under 10.5 receiving yards,Player props,PointsBet,1.74,1.58,9.9,1.74,held,4.4,won,"8 yards, under 10.5"
2026-10-05 04:00,NFL,New York Jets @ Chicago Bears,"CHI 23, NYJ 12",2026-10-02 07:50,67.2,Kyle Monangai (anytime touchdown),Scorer markets,Neds,3.05,2.03,50.4,2.90,dropped,-7.3,won,He ran in 2 touchdowns
2026-10-05 04:00,NFL,Green Bay Packers @ Tampa Bay Buccaneers,"GB 17, TB 14",2026-10-02 07:50,67.2,Kaleb Johnson Under 8.5 rush attempts,Player props,TAB,2.10,1.94,8.1,2.10,held,-9.7,won,"8 attempts, under 8.5"
2026-10-05 04:00,NFL,Green Bay Packers @ Tampa Bay Buccaneers,"GB 17, TB 14",2026-10-02 08:29,66.5,Cade Otton Under 30.5 receiving yards,Player props,TAB,1.75,1.61,8.9,,,10.6,lost,"37 yards, over 30.5"
2026-10-05 04:00,NFL,Jacksonville Jaguars @ Cincinnati Bengals,"JAX 22, CIN 17",2026-10-02 09:21,65.6,Drew Sample Under 10.5 receiving yards,Player props,PointsBet,1.77,1.55,13.9,1.77,held,14.4,won,"0 yards, under the 10.5 line"
2026-10-05 04:00,NFL,Green Bay Packers @ Tampa Bay Buccaneers,"GB 17, TB 14",2026-10-02 09:21,65.6,Kenneth Gainwell Under 20.5 rushing yards,Player props,TAB,1.75,1.59,10.1,,,,won,"5 rushing yards, under 20.5"
2026-10-05 04:00,NFL,Los Angeles Rams @ Philadelphia Eagles,"LAR 24, PHI 20",2026-10-02 10:36,64.4,Makai Lemon Under 35.5 receiving yards,Player props,TAB,1.95,1.69,15.5,,,2.0,won,"27 yards, under 35.5"
2026-10-05 04:00,NFL,New York Jets @ Chicago Bears,"CHI 23, NYJ 12",2026-10-02 10:36,64.4,Colston Loveland Under 35.5 receiving yards,Player props,TAB,2.00,1.79,11.5,1.85,dropped,9.0,lost,"57 yards, over 35.5"
2026-10-05 04:00,NFL,Dallas Cowboys @ Houston Texans,"DAL 34, HOU 30",2026-10-02 10:36,64.4,Jaylin Noel Under 15.5 receiving yards,Player props,PointsBet,1.80,1.60,12.2,,,,lost,"85 yards, over 15.5"
2026-10-05 04:00,NFL,Green Bay Packers @ Tampa Bay Buccaneers,"GB 17, TB 14",2026-10-02 10:36,64.4,Kenneth Gainwell Under 35.5 rushing + receiving yards,Player props,TAB,1.75,1.55,12.7,,,,won,"27 yards, under 35.5"
2026-10-05 04:00,NFL,Los Angeles Rams @ Philadelphia Eagles,"LAR 24, PHI 20",2026-10-02 11:18,63.7,Makai Lemon Under 3.5 receptions,Player props,TAB,2.00,1.85,8.4,1.90,dropped,5.0,won,"3 catches, under 3.5"
2026-10-05 04:00,NFL,Jacksonville Jaguars @ Cincinnati Bengals,"JAX 22, CIN 17",2026-10-02 13:29,61.5,Brian Thomas (anytime touchdown),Scorer markets,Unibet,5.30,4.60,15.2,4.10,dropped,15.2,won,He caught a touchdown
2026-10-05 04:00,NFL,Los Angeles Rams @ Philadelphia Eagles,"LAR 24, PHI 20",2026-10-02 13:29,61.5,Saquon Barkley Under 15.5 receiving yards,Player props,Sportsbet,1.88,1.69,11.4,1.88,held,-0.5,won,"2 yards, under 15.5"
2026-10-05 04:00,NFL,New England Patriots @ Buffalo Bills,"NE 29, BUF 26",2026-10-02 13:29,61.5,Josh Allen Under 8.5 rush attempts,Player props,Unibet,1.83,1.67,9.7,1.82,dropped,9.6,won,"5 rush attempts, under 8.5"
2026-10-05 04:00,NFL,Jacksonville Jaguars @ Cincinnati Bengals,"JAX 22, CIN 17",2026-10-02 14:19,60.7,Samaje Perine Under 30.5 rushing + receiving yards,Player props,PointsBet,1.77,1.60,10.6,,,10.4,won,"7 yards, under 30.5"
2026-10-05 04:00,NFL,Green Bay Packers @ Tampa Bay Buccaneers,"GB 17, TB 14",2026-10-02 15:27,59.5,Ted Hurst (first touchdown scorer),Scorer markets,TAB,34.00,27.30,24.5,34.00,held,24.5,lost,The first TD was Golden's
2026-10-05 04:00,NFL,New York Jets @ Chicago Bears,"CHI 23, NYJ 12",2026-10-02 16:50,58.2,Geno Smith Over 34.5 pass attempts (TAB '35+'),Player props,TAB,3.00,2.64,13.5,3.00,held,-4.3,lost,"15 attempts, short of 35"
2026-10-05 04:00,NFL,Jacksonville Jaguars @ Cincinnati Bengals,"JAX 22, CIN 17",2026-10-02 20:20,54.7,Chase Brown Under 70.5 rushing yards,Player props,PointsBet,1.80,1.65,8.8,,,14.1,won,"10 yards, under 70.5"
2026-10-05 04:00,NFL,Green Bay Packers @ Tampa Bay Buccaneers,"GB 17, TB 14",2026-10-02 20:47,54.2,Bucky Irving Under 60.5 rushing yards,Player props,PointsBet,1.87,1.72,8.5,1.80,dropped,8.5,lost,"61 rushing yards, over 60.5"
2026-10-05 04:00,NFL,Tennessee Titans @ Baltimore Ravens,"BAL 24, TEN 18",2026-10-02 22:57,52.0,Tyjae Spears Under 15.5 rushing yards,Player props,TAB,2.05,1.89,8.5,1.72,dropped,13.8,won,"7 yards, under 15.5"
2026-10-05 04:00,NFL,New York Jets @ Chicago Bears,"CHI 23, NYJ 12",2026-10-03 00:21,50.6,Braelon Allen Over 9.5 longest reception (TAB '10+'),Player props,TAB,2.50,2.23,12.0,,,,lost,"Longest catch 5, short of 10"
2026-10-05 04:00,NFL,Green Bay Packers @ Tampa Bay Buccaneers,"GB 17, TB 14",2026-10-03 00:50,50.2,Kenneth Gainwell Under 10.5 receiving yards,Player props,TAB,1.95,1.80,8.4,1.72,dropped,9.5,lost,"22 yards, over 10.5"
2026-10-05 04:00,NFL,Tennessee Titans @ Baltimore Ravens,"BAL 24, TEN 18",2026-10-03 01:28,49.5,Tyjae Spears Under 35.5 rushing + receiving yards,Player props,TAB,1.85,1.68,10.2,,,15.8,won,"6 yards, under 35.5"
2026-10-05 04:00,NFL,Tennessee Titans @ Baltimore Ravens,"BAL 24, TEN 18",2026-10-03 01:28,49.5,Tyjae Spears Under 15.5 receiving yards,Player props,TAB,1.95,1.72,13.7,1.85,dropped,20.3,won,"1 yard, under 15.5"
2026-10-05 04:00,NFL,New York Jets @ Chicago Bears,"CHI 23, NYJ 12",2026-10-03 03:30,47.5,Geno Smith Under 10.5 rushing yards,Player props,TAB,2.10,1.92,9.2,2.05,dropped,10.3,won,"0 rushing yards, under 10.5"
2026-10-05 04:00,NFL,Los Angeles Rams @ Philadelphia Eagles,"LAR 24, PHI 20",2026-10-03 03:30,47.5,Zach Ertz Under 17.5 receiving yards,Player props,Sportsbet,1.88,1.73,8.9,,,-18.2,won,"13 yards, under 17.5"
2026-10-05 04:00,NFL,Los Angeles Rams @ Philadelphia Eagles,"LAR 24, PHI 20",2026-10-03 03:30,47.5,Zach Ertz Under 1.5 receptions,Player props,Sportsbet,2.72,2.29,18.8,,,,lost,"2 catches, over 1.5"
2026-10-05 04:00,NFL,Arizona Cardinals @ New York Giants,"NYG 36, ARI 24",2026-10-03 05:26,45.6,Theo Johnson Under 10.5 receiving yards,Player props,PointsBet,1.83,1.68,9.1,1.83,held,11.5,lost,"11 yards, over 10.5"
2026-10-05 04:00,NFL,Green Bay Packers @ Tampa Bay Buccaneers,"GB 17, TB 14",2026-10-03 05:26,45.6,Jordan Love Under 35.5 pass attempts,Player props,Neds,1.88,1.59,17.9,,,20.6,won,"30 attempts, under 35.5"
2026-10-05 04:00,NFL,Los Angeles Rams @ Philadelphia Eagles,"LAR 24, PHI 20",2026-10-03 05:26,45.6,Tank Bigsby Under 10.5 rushing yards,Player props,TAB,2.10,1.94,8.1,1.65,dropped,30.1,lost,"55 yards, over 10.5"
2026-10-05 04:00,NFL,New York Jets @ Chicago Bears,"CHI 23, NYJ 12",2026-10-03 06:34,44.4,D'Andre Swift (last touchdown scorer),Scorer markets,Sportsbet,7.75,6.83,13.6,7.50,dropped,-4.6,lost,The last TD was Isaiah Williams'
2026-10-05 04:00,NFL,New England Patriots @ Buffalo Bills,"NE 29, BUF 26",2026-10-03 07:33,43.4,Hunter Henry Under 3.5 receptions,Player props,TAB,2.10,1.86,13.1,1.75,dropped,23.7,lost,"5 catches, over 3.5"
2026-10-05 04:00,NFL,New England Patriots @ Buffalo Bills,"NE 29, BUF 26",2026-10-03 07:33,43.4,Hunter Henry Under 35.5 receiving yards,Player props,TAB,2.00,1.69,18.5,,,22.1,lost,"62 yards, over 35.5"
2026-10-05 04:00,NFL,Arizona Cardinals @ New York Giants,"NYG 36, ARI 24",2026-10-03 07:33,43.4,Elijah Higgins Under 5.5 receiving yards,Player props,TAB,2.00,1.75,14.3,1.80,dropped,15.6,lost,"19 yards, over 5.5"
2026-10-05 04:00,NFL,Green Bay Packers @ Tampa Bay Buccaneers,"GB 17, TB 14",2026-10-03 07:33,43.4,Skyy Moore Under 20.5 receiving yards,Player props,PointsBet,1.87,1.62,15.6,,,15.8,won,"2 yards, under 20.5"
2026-10-05 04:00,NFL,Tennessee Titans @ Baltimore Ravens,"BAL 24, TEN 18",2026-10-03 07:33,43.4,Rashod Bateman Under 2.5 receptions,Player props,TAB,1.90,1.73,10.0,1.60,dropped,18.6,won,"2 catches, under 2.5"
2026-10-05 04:00,NFL,Los Angeles Rams @ Philadelphia Eagles,"LAR 24, PHI 20",2026-10-03 10:17,40.7,Saquon Barkley Under 2.5 receptions,Player props,TAB,1.80,1.67,8.1,,,8.1,won,"1 catch, under 2.5"
2026-10-05 04:00,NFL,Arizona Cardinals @ New York Giants,"NYG 36, ARI 24",2026-10-03 10:17,40.7,Isaiah Likely Under 4.5 receptions,Player props,PointsBet,1.74,1.61,8.1,1.69,dropped,4.5,lost,"7 catches, over 4.5"
2026-10-05 04:00,NFL,New York Jets @ Chicago Bears,"CHI 23, NYJ 12",2026-10-04 03:00,25.0,Tyson Bagent Under 30.5 pass attempts,Player props,Sportsbet,1.88,1.71,10.1,1.88,held,10.5,lost,"34 attempts, over 30.5"
2026-10-05 04:00,NFL,Los Angeles Rams @ Philadelphia Eagles,"LAR 24, PHI 20",2026-10-04 03:00,25.0,Puka Nacua Under 74.5 receiving yards,Player props,Neds,1.88,1.67,12.6,,,-1.3,lost,"125 yards, over 74.5"
2026-10-05 04:00,NFL,Jacksonville Jaguars @ Cincinnati Bengals,"JAX 22, CIN 17",2026-10-04 03:00,25.0,Chase Brown Under 90.5 rushing + receiving yards,Player props,PointsBet,1.90,1.74,9.5,,,9.7,won,"81 yards, under 90.5"
2026-10-05 04:00,NFL,Tennessee Titans @ Baltimore Ravens,"BAL 24, TEN 18",2026-10-04 04:54,23.1,Derrick Henry Under 10.5 receiving yards,Player props,PointsBet,1.71,1.57,9.0,1.69,dropped,9.3,won,"6 yards, under 10.5"
2026-10-05 04:00,NFL,Tennessee Titans @ Baltimore Ravens,"BAL 24, TEN 18",2026-10-04 04:54,23.1,Justice Hill Under 30.5 rushing + receiving yards,Player props,PointsBet,1.90,1.71,11.2,1.87,dropped,-1.4,won,"25 yards, under 30.5"
2026-10-05 04:00,NFL,Tennessee Titans @ Baltimore Ravens,"BAL 24, TEN 18",2026-10-04 05:57,22.0,Chris Moore Under 10.5 receiving yards,Player props,PointsBet,1.77,1.59,11.3,1.80,longer,,void,He didn't play
2026-10-05 04:00,NFL,Tennessee Titans @ Baltimore Ravens,"BAL 24, TEN 18",2026-10-04 06:50,21.2,Lamar Jackson Under 6.5 rush attempts,Player props,TAB,1.95,1.61,21.3,1.68,dropped,21.6,won,"2 attempts, under 6.5"
2026-10-05 04:00,NFL,Tennessee Titans @ Baltimore Ravens,"BAL 24, TEN 18",2026-10-04 06:50,21.2,Calvin Ridley Under 10.5 receiving yards,Player props,PointsBet,1.69,1.56,8.4,,,,lost,"13 yards, over 10.5"
2026-10-05 04:00,NFL,Los Angeles Rams @ Philadelphia Eagles,"LAR 24, PHI 20",2026-10-04 06:50,21.2,Blake Corum Under 10.5 rush attempts,Player props,TAB,1.80,1.61,11.6,1.58,dropped,13.4,won,"5 attempts, under 10.5"
2026-10-05 04:00,NFL,New England Patriots @ Buffalo Bills,"NE 29, BUF 26",2026-10-04 07:53,20.1,TreVeyon Henderson Over 6.5 longest reception,Player props,TAB,2.10,1.84,14.2,2.05,dropped,15.9,lost,"He played but had no catch, so his longest reception was 0"
2026-10-05 04:00,NFL,Green Bay Packers @ Tampa Bay Buccaneers,"GB 17, TB 14",2026-10-04 07:53,20.1,Jordan Love Over 1.5 passing TDs,Player props,PointsBet,2.45,2.18,12.6,2.30,dropped,12.0,won,"2 TD passes, over 1.5"
2026-10-05 04:00,NFL,Green Bay Packers @ Tampa Bay Buccaneers,"GB 17, TB 14",2026-10-04 07:53,20.1,Tez Johnson Under 10.5 receiving yards,Player props,TAB,2.05,1.85,10.5,2.05,held,14.6,lost,"17 yards, over 10.5"
2026-10-05 04:00,NFL,Los Angeles Rams @ Philadelphia Eagles,"LAR 24, PHI 20",2026-10-04 07:53,20.1,Jalen Hurts Under 30.5 pass attempts,Player props,TAB,1.90,1.75,8.3,,,9.8,won,"27 attempts, under 30.5"
2026-10-05 04:00,NFL,Green Bay Packers @ Tampa Bay Buccaneers,"GB 17, TB 14",2026-10-04 09:48,18.2,Chris Godwin Under 30.5 receiving yards,Player props,PointsBet,1.80,1.66,8.5,,,8.2,lost,"31 yards, over 30.5"
2026-10-05 04:00,NFL,New England Patriots @ Buffalo Bills,"NE 29, BUF 26",2026-10-04 10:24,17.6,D.J. Moore Under 23.5 longest reception,Player props,TAB,1.87,1.72,8.7,1.90,longer,7.0,won,"Longest catch 11, under 23.5"
2026-10-05 04:00,NFL,Tennessee Titans @ Baltimore Ravens,"BAL 24, TEN 18",2026-10-04 10:24,17.6,Rashod Bateman Under 30.5 receiving yards,Player props,TAB,1.85,1.67,10.6,,,11.2,lost,"46 yards, over 30.5"
2026-10-05 04:00,NFL,New York Jets @ Chicago Bears,"CHI 23, NYJ 12",2026-10-04 11:22,16.6,Kyle Monangai Under 50.5 rushing + receiving yards,Player props,TAB,1.95,1.76,10.7,1.95,held,8.4,lost,"150 yards, over 50.5"
2026-10-05 04:00,NFL,New York Jets @ Chicago Bears,"CHI 23, NYJ 12",2026-10-04 11:22,16.6,Tyson Bagent Under 15.5 rushing yards,Player props,TAB,1.95,1.80,8.2,1.87,dropped,7.3,won,"1 rushing yard, under 15.5"
2026-10-05 04:00,NFL,Arizona Cardinals @ New York Giants,"NYG 36, ARI 24",2026-10-04 12:16,15.7,Tyler Allgeier Under 20.5 rushing yards,Player props,TAB,1.90,1.75,8.5,1.95,longer,-4.3,lost,"42 yards, over 20.5"
2026-10-05 04:00,NFL,Arizona Cardinals @ New York Giants,"NYG 36, ARI 24",2026-10-04 13:45,14.2,Cam Skattebo Under 17.5 rush attempts,Player props,TAB,1.72,1.58,8.8,1.72,held,7.8,lost,"18 attempts, over 17.5"
2026-10-05 04:00,NFL,New England Patriots @ Buffalo Bills,"NE 29, BUF 26",2026-10-04 14:47,13.2,Josh Allen Under 30.5 pass attempts,Player props,TAB,1.85,1.67,10.6,1.80,dropped,6.9,lost,"33 attempts, over 30.5"
2026-10-05 04:00,NFL,Dallas Cowboys @ Houston Texans,"DAL 34, HOU 30",2026-10-04 16:48,11.2,Javonte Williams Under 16.5 rush attempts,Player props,TAB,1.85,1.64,12.7,1.80,dropped,9.4,lost,"19 attempts, over 16.5"
2026-10-05 04:00,NFL,Jacksonville Jaguars @ Cincinnati Bengals,"JAX 22, CIN 17",2026-10-04 18:45,9.2,Jakobi Meyers Under 3.5 receptions,Player props,TAB,2.15,1.98,8.5,2.10,dropped,6.5,won,"3 catches, under 3.5"
2026-10-05 04:00,NHL,Winnipeg Jets @ Detroit Red Wings,"WPG 3, DET 2",2026-10-04 18:45,9.2,Alex DeBrincat Over 3.5 shots on goal,Player props,PointsBet,2.25,1.95,15.6,2.10,dropped,2.8,won,"4 shots, over 3.5"
2026-10-05 04:00,NFL,Green Bay Packers @ Tampa Bay Buccaneers,"GB 17, TB 14",2026-10-04 19:16,8.7,Jalon Daniels Under 35.5 rushing yards,Player props,TAB,1.95,1.79,8.6,1.95,held,11.9,lost,"55 rushing yards, over 35.5"
2026-10-05 04:00,NFL,New England Patriots @ Buffalo Bills,"NE 29, BUF 26",2026-10-04 19:46,8.2,Khalil Shakir Under 40.5 receiving yards,Player props,Unibet,1.89,1.74,8.8,1.91,longer,4.7,lost,"82 yards, over 40.5"
2026-10-05 04:00,NFL,New England Patriots @ Buffalo Bills,"NE 29, BUF 26",2026-10-04 21:48,6.2,Ty Johnson Under 5.5 rushing yards,Player props,TAB,1.95,1.80,8.5,1.55,dropped,7.9,won,"3 rushing yards, under 5.5"
2026-10-05 04:00,NFL,New England Patriots @ Buffalo Bills,"NE 29, BUF 26",2026-10-04 23:21,4.6,D.J. Moore Under 55.5 receiving yards,Player props,TAB,1.85,1.71,8.2,1.85,held,5.9,won,"11 yards, under 55.5"
2026-10-05 04:00,NFL,Dallas Cowboys @ Houston Texans,"DAL 34, HOU 30",2026-10-04 23:21,4.6,Javonte Williams Under 80.5 rushing + receiving yards,Player props,TAB,1.95,1.79,8.8,1.90,dropped,10.6,lost,"83 yards, over 80.5"
2026-10-05 04:00,NHL,Winnipeg Jets @ Detroit Red Wings,"WPG 3, DET 2",2026-10-04 23:21,4.6,Mark Scheifele Over 2.5 shots on goal,Player props,PointsBet,2.85,2.47,15.4,2.70,dropped,-3.4,lost,"2 shots, under 2.5"
2026-10-05 04:00,NFL,Dallas Cowboys @ Houston Texans,"DAL 34, HOU 30",2026-10-05 00:17,3.7,C.J. Stroud Under 13.5 rushing yards,Player props,Unibet,1.86,1.72,8.3,,,12.5,won,"12 rushing yards, under 13.5"
2026-10-05 04:00,NFL,Jacksonville Jaguars @ Cincinnati Bengals,"JAX 22, CIN 17",2026-10-05 01:26,2.6,Samaje Perine Under 10.5 receiving yards,Player props,Unibet,1.87,1.68,11.2,1.87,held,11.9,won,"0 yards, under 10.5"
2026-10-05 04:00,NFL,Jacksonville Jaguars @ Cincinnati Bengals,"JAX 22, CIN 17",2026-10-05 01:26,2.6,Drew Sample (anytime touchdown),Scorer markets,Unibet,10.00,8.63,15.9,10.00,held,15.9,lost,He did not score
2026-10-05 04:00,NFL,Dallas Cowboys @ Houston Texans,"DAL 34, HOU 30",2026-10-05 01:26,2.6,Foster Moreau Under 10.5 receiving yards,Player props,PointsBet,1.80,1.56,15.1,1.77,dropped,14.7,won,"1 yard, under 10.5"
2026-10-05 04:00,NFL,Jacksonville Jaguars @ Cincinnati Bengals,"JAX 22, CIN 17",2026-10-05 02:21,1.6,Chase Brown Under 16.5 rush attempts,Player props,Unibet,1.78,1.62,9.8,1.78,held,10.2,won,"9 attempts, under 16.5"
2026-10-05 04:00,NFL,New England Patriots @ Buffalo Bills,"NE 29, BUF 26",2026-10-05 02:51,1.1,Josh Allen Under 35.5 rushing yards,Player props,TAB,1.85,1.71,8.3,1.85,held,8.1,won,"4 rushing yards, under 35.5"
2026-10-05 04:00,NFL,Tennessee Titans @ Baltimore Ravens,"BAL 24, TEN 18",2026-10-05 04:00,0.0,Zay Flowers Under 5.5 receptions,Player props,TAB,1.90,1.72,10.8,,,,lost,"8 catches, over 5.5"
2026-10-05 04:00,NFL,Arizona Cardinals @ New York Giants,"NYG 36, ARI 24",2026-10-05 04:00,0.0,Jacoby Brissett Under 35.5 pass attempts,Player props,TAB,1.85,1.66,11.6,,,,won,"35 attempts, under 35.5"
2026-10-05 04:00,NFL,Green Bay Packers @ Tampa Bay Buccaneers,"GB 17, TB 14",2026-10-05 04:00,-0.0,Jordan Love Under 260.5 passing yards,Player props,TAB,1.80,1.62,10.8,1.80,held,7.8,won,"197 yards, under 260.5"
2026-10-05 07:05,NFL,Miami Dolphins @ Minnesota Vikings,"MIN 15, MIA 10",2026-10-01 06:08,95.9,Greg Dulcich (last touchdown scorer),Scorer markets,Neds,31.00,27.30,13.6,23.00,dropped,40.3,lost,Dulcich scored no touchdown; the last (and only) TD was Gordon's
2026-10-05 07:05,NFL,Miami Dolphins @ Minnesota Vikings,"MIN 15, MIA 10",2026-10-01 07:08,94.9,Malik Willis Under 0.5 passing TDs,Player props,TAB,2.15,1.89,14.1,2.00,dropped,3.1,won,No TD passes
2026-10-05 07:05,NFL,Miami Dolphins @ Minnesota Vikings,"MIN 15, MIA 10",2026-10-01 09:11,92.9,Malik Washington Over 3.5 receptions,Player props,TAB,2.15,1.90,13.3,,,,won,5 catches
2026-10-05 07:05,NFL,Miami Dolphins @ Minnesota Vikings,"MIN 15, MIA 10",2026-10-01 13:12,88.9,Jaylen Wright Under 35.5 rushing + receiving yards,Player props,TAB,1.80,1.66,8.8,1.85,longer,-10.6,won,7
2026-10-05 07:05,NFL,Miami Dolphins @ Minnesota Vikings,"MIN 15, MIA 10",2026-10-01 14:15,87.8,Malik Washington (first touchdown scorer),Scorer markets,Sportsbet,31.00,27.30,13.6,26.00,dropped,19.5,lost,
2026-10-05 07:05,NFL,Miami Dolphins @ Minnesota Vikings,"MIN 15, MIA 10",2026-10-01 18:16,83.8,Jaylen Wright Under 8.5 rush attempts,Player props,TAB,1.68,1.48,13.3,1.72,longer,-11.7,won,5 carries
2026-10-05 07:05,NFL,Miami Dolphins @ Minnesota Vikings,"MIN 15, MIA 10",2026-10-02 13:29,64.6,Aaron Jones Under 17.5 rush attempts,Player props,Unibet,1.98,1.81,9.2,,,21.0,lost,20 carries
2026-10-05 07:05,NFL,Miami Dolphins @ Minnesota Vikings,"MIN 15, MIA 10",2026-10-03 04:34,49.5,Jordan Addison Under 4.5 receptions,Player props,TAB,1.90,1.71,11.4,1.68,dropped,4.5,won,"4 catches, under 4.5"
2026-10-05 07:05,NFL,Miami Dolphins @ Minnesota Vikings,"MIN 15, MIA 10",2026-10-03 04:34,49.5,Jordan Addison Under 65.5 receiving yards,Player props,TAB,1.80,1.58,13.6,1.80,held,-1.3,won,52 yards
2026-10-05 07:05,NFL,Miami Dolphins @ Minnesota Vikings,"MIN 15, MIA 10",2026-10-03 05:26,48.6,Ryan Miller Under 10.5 receiving yards,Player props,PointsBet,1.74,1.56,11.6,,,,won,"0 yards, under the 10.5 line"
2026-10-05 07:05,NFL,Miami Dolphins @ Minnesota Vikings,"MIN 15, MIA 10",2026-10-03 13:46,40.3,Ollie Gordon Under 7.5 rush attempts,Player props,Sportsbet,1.88,1.72,9.7,1.88,held,3.7,lost,9 carries
2026-10-05 07:05,NFL,Miami Dolphins @ Minnesota Vikings,"MIN 15, MIA 10",2026-10-04 00:54,29.2,T.J. Hockenson (last touchdown scorer),Scorer markets,TAB,13.00,11.37,14.4,13.00,held,11.1,lost,He didn't score
2026-10-05 07:05,NFL,Miami Dolphins @ Minnesota Vikings,"MIN 15, MIA 10",2026-10-04 07:22,23.7,T.J. Hockenson Under 4.5 receptions,Player props,TAB,1.90,1.76,8.2,1.80,dropped,5.4,lost,13 catches
2026-10-05 07:05,NFL,Miami Dolphins @ Minnesota Vikings,"MIN 15, MIA 10",2026-10-04 07:53,23.2,Kyler Murray Under 30.5 pass attempts,Player props,TAB,1.75,1.59,10.3,,,9.0,lost,37 attempts
2026-10-05 07:05,NFL,Miami Dolphins @ Minnesota Vikings,"MIN 15, MIA 10",2026-10-04 10:24,20.7,Tai Felton Under 15.5 receiving yards,Player props,PointsBet,1.87,1.73,8.1,1.90,longer,-2.6,won,"14 yards, under 15.5"
2026-10-05 07:05,NFL,Miami Dolphins @ Minnesota Vikings,"MIN 15, MIA 10",2026-10-05 01:26,5.6,Myles Price (anytime touchdown),Scorer markets,Unibet,15.00,11.50,30.4,16.00,longer,24.2,lost,He didn't score
2026-10-05 07:25,NFL,Denver Broncos @ San Francisco 49ers,"SF 24, DEN 14",2026-09-30 08:05,118.3,Jaylen Waddle Under 4.5 receptions,Player props,TAB,2.00,1.86,7.4,1.72,dropped,1.8,lost,"5 catches, over 4.5"
2026-10-05 07:25,NFL,Denver Broncos @ San Francisco 49ers,"SF 24, DEN 14",2026-09-30 08:05,118.3,J.K. Dobbins Over 55.5 rushing yards,Player props,TAB,1.80,1.69,6.6,,,-2.4,lost,"40 yards, under 55.5"
2026-10-05 07:25,NFL,Denver Broncos @ San Francisco 49ers,"SF 24, DEN 14",2026-09-30 08:05,118.3,Courtland Sutton Under 40.5 receiving yards,Player props,TAB,1.95,1.83,6.5,,,0.6,won,4 yards
2026-10-05 07:25,NFL,Denver Broncos @ San Francisco 49ers,"SF 24, DEN 14",2026-09-30 08:05,118.3,Courtland Sutton Under 3.5 receptions,Player props,TAB,1.90,1.79,5.9,,,4.4,won,1 catch
2026-10-05 07:25,NFL,Denver Broncos @ San Francisco 49ers,"SF 24, DEN 14",2026-09-30 15:04,111.3,Bo Nix Over 33.5 pass attempts,Player props,TAB,1.90,1.72,10.2,,,11.0,won,42 attempts
2026-10-05 07:25,NFL,Denver Broncos @ San Francisco 49ers,"SF 24, DEN 14",2026-09-30 15:04,111.3,Christian McCaffrey Over 109.5 rushing + receiving yards (TAB '110+'),Player props,TAB,2.25,2.00,12.5,1.75,dropped,16.7,lost,70
2026-10-05 07:25,NFL,Los Angeles Chargers @ Seattle Seahawks,"SEA 30, LAC 23",2026-09-30 15:04,111.3,Emanuel Wilson Over 40.5 rushing yards,Player props,TAB,2.00,1.88,6.3,,,13.7,won,81 yards
2026-10-05 07:25,NFL,Denver Broncos @ San Francisco 49ers,"SF 24, DEN 14",2026-09-30 15:04,111.3,Bo Nix Over 34.5 pass attempts (TAB '35+'),Player props,TAB,2.10,1.95,8.0,1.75,dropped,10.5,won,42 attempts
2026-10-05 07:25,NFL,Denver Broncos @ San Francisco 49ers,"SF 24, DEN 14",2026-09-30 15:04,111.3,Brock Purdy Over 29.5 pass attempts (TAB '30+'),Player props,TAB,1.80,1.63,10.6,1.62,dropped,10.2,won,30 attempts
2026-10-05 07:25,NFL,Denver Broncos @ San Francisco 49ers,"SF 24, DEN 14",2026-09-30 15:04,111.3,Christian McCaffrey Over 119.5 rushing + receiving yards (TAB '120+'),Player props,TAB,2.80,2.32,20.6,2.10,dropped,26.2,lost,70
2026-10-05 07:25,NFL,Denver Broncos @ San Francisco 49ers,"SF 24, DEN 14",2026-09-30 15:04,111.3,Bo Nix Over 0.5 interceptions thrown,Player props,TAB,1.95,1.78,9.6,1.72,dropped,3.5,lost,No interceptions
2026-10-05 07:25,NFL,Denver Broncos @ San Francisco 49ers,"SF 24, DEN 14",2026-09-30 15:04,111.3,Brock Purdy Over 30.5 pass attempts,Player props,TAB,2.05,1.80,13.6,1.80,dropped,13.1,lost,"30 attempts, under 30.5"
2026-10-05 07:25,NFL,Denver Broncos @ San Francisco 49ers,"SF 24, DEN 14",2026-09-30 15:04,111.3,Brock Purdy Over 4.5 rush attempts,Player props,TAB,2.50,2.30,8.8,2.10,dropped,10.7,won,10 carries
2026-10-05 07:25,NFL,Los Angeles Chargers @ Seattle Seahawks,"SEA 30, LAC 23",2026-09-30 21:15,105.2,Tre' Harris (last touchdown scorer),Scorer markets,Neds,31.00,27.30,13.6,23.00,dropped,13.6,lost,He didn't score
2026-10-05 07:25,NFL,Denver Broncos @ San Francisco 49ers,"SF 24, DEN 14",2026-09-30 21:15,105.2,J.K. Dobbins Under 14.5 rush attempts,Player props,Neds,1.96,1.65,19.0,,,18.6,won,11 carries
2026-10-05 07:25,NFL,Kansas City Chiefs @ Las Vegas Raiders,"KC 30, LV 27",2026-09-30 21:15,105.2,Travis Kelce (anytime touchdown),Scorer markets,PointsBet,3.30,2.94,12.1,2.40,dropped,12.5,lost,He didn't score
2026-10-05 07:25,NFL,Kansas City Chiefs @ Las Vegas Raiders,"KC 30, LV 27",2026-10-01 09:11,93.2,Tyquan Thornton Under 25.5 receiving yards,Player props,TAB,1.80,1.57,14.5,,,7.0,lost,"111 yards, over 25.5"
2026-10-05 07:25,NFL,Kansas City Chiefs @ Las Vegas Raiders,"KC 30, LV 27",2026-10-01 10:52,91.5,Noah Gray Under 10.5 receiving yards,Player props,PointsBet,1.80,1.65,9.3,1.83,longer,6.8,lost,"17 yards, over the 10.5 line"
2026-10-05 07:25,NFL,Kansas City Chiefs @ Las Vegas Raiders,"KC 30, LV 27",2026-10-01 10:52,91.5,Kirk Cousins Under 0.5 rushing yards,Player props,TAB,2.00,1.81,10.7,,,8.8,won,"0 yards, under 0.5"
2026-10-05 07:25,NFL,Los Angeles Chargers @ Seattle Seahawks,"SEA 30, LAC 23",2026-10-01 12:12,90.2,Eric Saubert (anytime touchdown),Scorer markets,Neds,23.00,9.74,136.1,,,53.9,lost,He didn't score
2026-10-05 07:25,NFL,Kansas City Chiefs @ Las Vegas Raiders,"KC 30, LV 27",2026-10-01 13:12,89.2,Kirk Cousins Over 34.5 pass attempts (TAB '35+'),Player props,TAB,3.10,2.38,30.5,2.20,dropped,37.6,won,52 attempts
2026-10-05 07:25,NFL,Los Angeles Chargers @ Seattle Seahawks,"SEA 30, LAC 23",2026-10-02 07:50,70.6,Keaton Mitchell Under 20.5 rushing yards,Player props,TAB,1.80,1.61,11.7,,,2.8,lost,"39 yards, over 20.5"
2026-10-05 07:25,NFL,Los Angeles Chargers @ Seattle Seahawks,"SEA 30, LAC 23",2026-10-02 07:50,70.6,Justin Herbert Under 30.5 pass attempts,Player props,Sportsbet,1.93,1.78,8.4,1.93,held,1.3,lost,"31 attempts, over 30.5"
2026-10-05 07:25,NFL,Los Angeles Chargers @ Seattle Seahawks,"SEA 30, LAC 23",2026-10-02 07:50,70.6,Justin Herbert Under 4.5 rush attempts,Player props,TAB,2.00,1.85,8.1,1.85,dropped,5.0,lost,"6 carries, over 4.5"
2026-10-05 07:25,NFL,Los Angeles Chargers @ Seattle Seahawks,"SEA 30, LAC 23",2026-10-02 07:50,70.6,George Holani Under 10.5 receiving yards,Player props,PointsBet,1.74,1.56,11.3,1.87,longer,-8.2,won,"2 yards, under 10.5"
2026-10-05 07:25,NFL,Los Angeles Chargers @ Seattle Seahawks,"SEA 30, LAC 23",2026-10-02 08:29,69.9,Justin Herbert Under 25.5 rushing yards,Player props,TAB,1.80,1.64,9.5,,,11.7,lost,"40 yards, over 25.5"
2026-10-05 07:25,NFL,Denver Broncos @ San Francisco 49ers,"SF 24, DEN 14",2026-10-02 09:21,69.1,Evan Engram Under 20.5 receiving yards,Player props,PointsBet,1.80,1.67,8.0,,,10.0,won,6 yards
2026-10-05 07:25,NFL,Los Angeles Chargers @ Seattle Seahawks,"SEA 30, LAC 23",2026-10-02 11:18,67.1,Oronde Gadsden Under 2.5 receptions,Player props,Neds,2.10,1.91,10.3,2.20,longer,-1.7,lost,"5 catches, over 2.5"
2026-10-05 07:25,NFL,Los Angeles Chargers @ Seattle Seahawks,"SEA 30, LAC 23",2026-10-02 22:57,55.5,Keaton Mitchell Under 30.5 rushing + receiving yards,Player props,TAB,2.00,1.83,9.4,,,-4.3,lost,"63, over 30.5"
2026-10-05 07:25,NFL,Denver Broncos @ San Francisco 49ers,"SF 24, DEN 14",2026-10-02 23:48,54.6,Bo Nix Under 18.5 rushing yards,Player props,Unibet,1.92,1.78,8.1,,,10.1,won,10 yards
2026-10-05 07:25,NFL,Los Angeles Chargers @ Seattle Seahawks,"SEA 30, LAC 23",2026-10-03 06:34,47.8,Quentin Johnston Under 40.5 receiving yards,Player props,TAB,1.80,1.62,11.3,,,10.2,lost,"44 yards, over 40.5"
2026-10-05 07:25,NFL,Los Angeles Chargers @ Seattle Seahawks,"SEA 30, LAC 23",2026-10-03 06:34,47.8,Oronde Gadsden Under 30.5 receiving yards,Player props,PointsBet,1.80,1.60,12.4,1.80,held,4.6,lost,"36 yards, over 30.5"
2026-10-05 07:25,NFL,Kansas City Chiefs @ Las Vegas Raiders,"KC 30, LV 27",2026-10-03 10:50,43.6,Patrick Mahomes Under 32.5 pass attempts,Player props,Neds,1.88,1.74,8.3,1.88,held,-2.1,won,"30 attempts, under 32.5"
2026-10-05 07:25,NFL,Los Angeles Chargers @ Seattle Seahawks,"SEA 30, LAC 23",2026-10-03 11:22,43.0,Justin Herbert Under 34.5 longest completion,Player props,TAB,1.85,1.71,8.1,1.80,dropped,3.2,lost,"44, over 34.5"
2026-10-05 07:25,NFL,Kansas City Chiefs @ Las Vegas Raiders,"KC 30, LV 27",2026-10-04 04:54,26.5,Mike Washington Under 4.5 rush attempts,Player props,Neds,1.96,1.78,10.0,1.77,dropped,10.8,lost,"9 carries, over 4.5"
2026-10-05 07:25,NFL,Denver Broncos @ San Francisco 49ers,"SF 24, DEN 14",2026-10-04 07:53,23.5,Bo Nix Under 4.5 rush attempts,Player props,TAB,2.30,1.87,23.1,1.95,dropped,26.1,won,2 carries
2026-10-05 07:25,NFL,Los Angeles Chargers @ Seattle Seahawks,"SEA 30, LAC 23",2026-10-04 07:53,23.5,Omarion Hampton Under 60.5 rushing + receiving yards,Player props,PointsBet,1.80,1.66,8.4,1.80,held,7.5,won,"53, under 60.5"
2026-10-05 07:25,NFL,Los Angeles Chargers @ Seattle Seahawks,"SEA 30, LAC 23",2026-10-04 08:53,22.5,Rashid Shaheed Under 25.5 receiving yards,Player props,PointsBet,1.87,1.66,12.8,1.80,dropped,6.6,won,"20 yards, under 25.5"
2026-10-05 07:25,NFL,Los Angeles Chargers @ Seattle Seahawks,"SEA 30, LAC 23",2026-10-04 08:53,22.5,Emanuel Wilson Under 52.5 rushing yards,Player props,Neds,1.88,1.72,9.5,,,14.5,lost,"81 yards, over 52.5"
2026-10-05 07:25,NFL,Kansas City Chiefs @ Las Vegas Raiders,"KC 30, LV 27",2026-10-04 08:53,22.5,Xavier Worthy Under 20.5 longest reception,Player props,TAB,1.80,1.61,11.5,,,8.7,lost,"Longest catch 41, over 20.5"
2026-10-05 07:25,NFL,Denver Broncos @ San Francisco 49ers,"SF 24, DEN 14",2026-10-04 20:18,11.1,Troy Franklin Under 5.5 receiving yards,Player props,TAB,2.05,1.88,9.3,2.00,dropped,7.6,won,"0 yards, under the 5.5 line"
2026-10-05 07:25,NFL,Kansas City Chiefs @ Las Vegas Raiders,"KC 30, LV 27",2026-10-04 21:48,9.6,Jalen Nailor Under 20.5 receiving yards,Player props,TAB,2.00,1.82,9.8,2.00,held,9.4,won,"0 yards, under 20.5"
2026-10-05 07:25,NFL,Los Angeles Chargers @ Seattle Seahawks,"SEA 30, LAC 23",2026-10-05 01:26,6.0,Tre' Harris Under 3.5 receptions,Player props,PointsBet,1.87,1.67,12.1,1.87,held,10.5,won,
2026-10-05 07:25,NFL,Denver Broncos @ San Francisco 49ers,"SF 24, DEN 14",2026-10-05 01:26,6.0,Kyle Juszczyk Under 10.5 receiving yards,Player props,PointsBet,1.83,1.67,9.5,1.87,longer,9.0,lost,"28 yards, over 10.5"
2026-10-05 07:25,NFL,Los Angeles Chargers @ Seattle Seahawks,"SEA 30, LAC 23",2026-10-05 01:26,6.0,George Holani (last touchdown scorer),Scorer markets,TAB,15.00,11.70,28.2,15.00,held,21.5,lost,He didn't score
2026-10-05 07:25,NFL,Kansas City Chiefs @ Las Vegas Raiders,"KC 30, LV 27",2026-10-05 02:21,5.1,Jalen Royals (anytime touchdown),Scorer markets,TAB,13.00,11.50,13.0,13.00,held,13.0,lost,He didn't score
2026-10-05 07:25,NFL,Los Angeles Chargers @ Seattle Seahawks,"SEA 30, LAC 23",2026-10-05 02:51,4.6,Tory Horton Under 10.5 receiving yards,Player props,TAB,1.95,1.65,18.4,2.00,longer,19.1,won,"6 yards, under 10.5"
2026-10-05 07:25,NFL,Los Angeles Chargers @ Seattle Seahawks,"SEA 30, LAC 23",2026-10-05 04:00,3.4,Oronde Gadsden Over 14.5 longest reception (TAB '15+'),Player props,TAB,2.20,1.94,13.6,2.20,held,13.6,lost,Longest catch 9
2026-10-05 07:25,NFL,Los Angeles Chargers @ Seattle Seahawks,"SEA 30, LAC 23",2026-10-05 05:45,1.7,Emanuel Wilson Over 14.5 rush attempts (Unibet '15+'),Player props,Unibet,2.88,2.53,13.8,,,,won,21 carries
2026-10-05 11:00,NHL,Calgary Flames @ Seattle Kraken,"SEA 6, CGY 1",2026-10-04 10:24,24.6,Seattle Kraken,Sharp-money moves,Unibet,1.72,1.75,-1.6,1.62,dropped,1.8,won,Seattle won
2026-10-05 11:00,NHL,Calgary Flames @ Seattle Kraken,"SEA 6, CGY 1",2026-10-05 01:26,9.6,Mackie Samoskevich (anytime goal),Scorer markets,Neds,5.40,4.51,19.6,5.40,held,22.9,won,
2026-10-05 11:00,MLB,Atlanta Braves @ Los Angeles Dodgers,"ATL 3, LAD 2",2026-10-05 07:23,3.6,Mookie Betts Over 0.5 hits (TAB '1+'),Player props,TAB,1.68,1.49,12.7,1.40,dropped,10.6,lost,No hits
2026-10-05 11:00,NHL,Florida Panthers @ Anaheim Ducks,"ANA 3, FLA 2",2026-10-05 09:58,1.0,Aaron Ekblad (anytime goal),Scorer markets,Neds,12.50,9.76,28.1,,,,void,Player did not play
2026-10-05 11:20,NFL,Detroit Lions @ Carolina Panthers,"CAR 32, DET 26",2026-09-29 23:05,131.2,Sam LaPorta Over 40.5 receiving yards,Player props,TAB,1.80,1.69,6.3,,,6.9,won,"84 yards, over the 40.5 line"
2026-10-05 11:20,NFL,Detroit Lions @ Carolina Panthers,"CAR 32, DET 26",2026-09-30 06:04,124.3,Amon-Ra St. Brown Over 6.5 receptions,Player props,TAB,1.90,1.81,5.0,,,5.9,won,"8 catches, over the 6.5 line"
2026-10-05 11:20,NFL,Detroit Lions @ Carolina Panthers,"CAR 32, DET 26",2026-09-30 06:04,124.3,Isaac TeSlaa Under 20.5 receiving yards,Player props,TAB,1.87,1.73,8.0,1.72,dropped,7.7,lost,"95 yards, over the 20.5 line"
2026-10-05 11:20,NFL,Detroit Lions @ Carolina Panthers,"CAR 32, DET 26",2026-09-30 06:04,124.3,Bryce Young Over 10.5 rushing yards,Player props,TAB,1.95,1.79,8.7,1.72,dropped,8.6,lost,"3 yards, under the 10.5 line"
2026-10-05 11:20,NFL,Detroit Lions @ Carolina Panthers,"CAR 32, DET 26",2026-09-30 07:04,123.3,Tetairoa McMillan Over 4.5 receptions,Player props,TAB,1.95,1.86,4.9,,,,won,"14 catches, over the 4.5 line"
2026-10-05 11:20,NFL,Detroit Lions @ Carolina Panthers,"CAR 32, DET 26",2026-09-30 15:04,115.3,Bryce Young Over 34.5 pass attempts,Player props,TAB,2.00,1.82,9.6,1.80,dropped,6.9,won,"41 attempts, over the 34.5 line"
2026-10-05 11:20,NFL,Detroit Lions @ Carolina Panthers,"CAR 32, DET 26",2026-10-01 09:11,97.1,Jahmyr Gibbs Under 19.5 rush attempts,Player props,TAB,2.15,1.91,12.4,2.05,dropped,-6.9,won,"15 carries, under the 19.5 line"
2026-10-05 11:20,NFL,Detroit Lions @ Carolina Panthers,"CAR 32, DET 26",2026-10-03 01:28,56.9,Jalen Coker Under 55.5 receiving yards,Player props,TAB,1.90,1.76,8.1,,,,void,Player did not play
2026-10-05 11:20,NFL,Detroit Lions @ Carolina Panthers,"CAR 32, DET 26",2026-10-04 04:54,30.4,Tommy Tremble Under 15.5 receiving yards,Player props,PointsBet,1.83,1.62,12.7,1.80,dropped,6.6,won,"12 yards, under the 15.5 line"
2026-10-05 11:20,NFL,Detroit Lions @ Carolina Panthers,"CAR 32, DET 26",2026-10-04 05:57,29.4,Brock Wright Under 0.5 receptions,Player props,TAB,2.50,2.27,10.4,2.25,dropped,10.6,lost,"1 catch, over the 0.5 line"
2026-10-05 11:20,NFL,Detroit Lions @ Carolina Panthers,"CAR 32, DET 26",2026-10-04 10:24,24.9,Jahmyr Gibbs Over 21.5 rush attempts (Neds '22+'),Player props,Neds,2.45,2.07,18.4,2.10,dropped,2.1,lost,"15 carries, short of 22"
2026-10-05 11:20,NFL,Detroit Lions @ Carolina Panthers,"CAR 32, DET 26",2026-10-04 12:16,23.1,Bryce Young Under 2.5 rush attempts,Player props,TAB,2.30,2.08,10.4,2.05,dropped,14.6,lost,"3 attempts, over the 2.5 line"
2026-10-05 11:20,NFL,Detroit Lions @ Carolina Panthers,"CAR 32, DET 26",2026-10-04 22:15,13.1,Tommy Tremble (anytime touchdown),Scorer markets,Unibet,7.50,6.61,13.4,5.50,dropped,18.6,lost,He did not score
2026-10-05 11:20,NFL,Detroit Lions @ Carolina Panthers,"CAR 32, DET 26",2026-10-04 23:21,12.0,Mitchell Evans (anytime touchdown),Scorer markets,Unibet,11.00,9.20,19.6,8.50,dropped,12.5,lost,He did not score
2026-10-05 11:20,NFL,Detroit Lions @ Carolina Panthers,"CAR 32, DET 26",2026-10-05 02:21,9.0,Jared Goff Under 33.5 pass attempts,Player props,TAB,2.00,1.74,15.0,1.90,dropped,13.8,lost,"52 attempts, over the 33.5 line"
2026-10-05 11:20,NFL,Detroit Lions @ Carolina Panthers,"CAR 32, DET 26",2026-10-05 02:21,9.0,Bryce Young Under 14.5 rushing yards,Player props,Unibet,1.87,1.72,8.5,,,8.3,won,"3 yards, under the 14.5 line"
2026-10-05 11:20,NFL,Detroit Lions @ Carolina Panthers,"CAR 32, DET 26",2026-10-05 02:21,9.0,Brycen Tremayne (anytime touchdown),Scorer markets,TAB,6.00,5.06,18.6,5.50,dropped,20.0,lost,He did not score
2026-10-05 11:20,NFL,Detroit Lions @ Carolina Panthers,"CAR 32, DET 26",2026-10-05 04:00,7.3,Darren Waller Under 38.5 receiving yards,Player props,Sportsbet,1.88,1.71,10.0,,,3.0,won,"36 yards, under the 38.5 line"
2026-10-05 11:20,NFL,Detroit Lions @ Carolina Panthers,"CAR 32, DET 26",2026-10-05 04:00,7.3,Darren Waller Under 3.5 receptions,Player props,Sportsbet,1.93,1.77,9.2,1.88,dropped,-2.5,won,"3 catches, under the 3.5 line"
2026-10-05 11:20,NFL,Detroit Lions @ Carolina Panthers,"CAR 32, DET 26",2026-10-05 09:14,2.1,Mitchell Evans Under 10.5 receiving yards,Player props,PointsBet,1.80,1.56,15.3,1.77,dropped,12.9,won,"8 yards, under the 10.5 line"
2026-10-05 12:00,NHL,Vegas Golden Knights @ Vancouver Canucks,"VGK 3, VAN 2",2026-10-05 10:48,1.2,Vancouver Canucks,Sharp-money moves,Unibet,3.55,3.49,1.7,3.55,held,0.8,lost,Vancouver lost
2026-10-06 10:00,NHL,Philadelphia Flyers @ Tampa Bay Lightning,"TB 4, PHI 1",2026-10-06 08:20,1.7,John Carlson Under 1.5 shots on goal,Player props,PointsBet,2.70,2.40,12.7,2.40,dropped,-9.7,won,"1 shot, under the 1.5 line"
2026-10-06 10:00,NHL,Philadelphia Flyers @ Tampa Bay Lightning,"TB 4, PHI 1",2026-10-06 09:18,0.7,Jeffrey Viel (anytime goal),Scorer markets,Neds,11.50,9.76,17.8,11.50,held,17.8,lost,He played and didn't score
2026-10-06 10:30,NHL,Winnipeg Jets @ Pittsburgh Penguins,"WPG 3, PIT 2",2026-10-05 18:21,16.1,Viggo Bjorck (anytime goal),Scorer markets,Neds,19.00,6.41,196.6,17.00,dropped,211.5,lost,He played and didn't score
2026-10-06 10:30,NHL,Ottawa Senators @ Boston Bruins,"OTT 4, BOS 1",2026-10-05 23:15,11.2,Boston Bruins,Sharp-money moves,Betfair,2.02,2.05,-1.9,1.98,dropped,-1.4,lost,Boston lost
2026-10-06 11:00,NHL,San Jose Sharks @ Dallas Stars,"DAL 5, SJ 0",2026-10-05 18:21,16.6,Colin Blackwell (anytime goal),Scorer markets,Neds,12.00,9.76,22.9,11.00,dropped,,void,Player did not play
2026-10-06 11:15,NFL,Atlanta Falcons @ New Orleans Saints,"ATL 45, NO 24",2026-09-30 20:06,134.2,Bijan Robinson Over 149.5 rushing + receiving yards (TAB '150+'),Player props,TAB,3.30,2.75,20.1,2.80,dropped,20.2,lost,"147, short of 150"
2026-10-06 11:15,NFL,Atlanta Falcons @ New Orleans Saints,"ATL 45, NO 24",2026-10-01 07:08,123.1,Jahan Dotson Under 20.5 receiving yards,Player props,TAB,2.00,1.67,20.0,1.72,dropped,12.2,lost,"54 yards, over 20.5"
2026-10-06 11:15,NFL,Atlanta Falcons @ New Orleans Saints,"ATL 45, NO 24",2026-10-01 11:12,119.0,Noah Fant Under 20.5 receiving yards,Player props,PointsBet,1.83,1.66,10.2,,,,void,Player did not play
2026-10-06 11:15,NFL,Atlanta Falcons @ New Orleans Saints,"ATL 45, NO 24",2026-10-01 17:10,113.1,Alvin Kamara Under 60.5 rushing + receiving yards,Player props,TAB,2.00,1.84,8.7,,,16.3,won,"58, under 60.5"
2026-10-06 11:15,NFL,Atlanta Falcons @ New Orleans Saints,"ATL 45, NO 24",2026-10-01 17:10,113.1,Kendre Miller Under 30.5 rushing yards,Player props,PointsBet,1.77,1.59,10.9,,,5.2,won,"9 yards, under 30.5"
2026-10-06 11:15,NFL,Atlanta Falcons @ New Orleans Saints,"ATL 45, NO 24",2026-10-02 07:50,98.4,Olamide Zaccheaus Under 10.5 receiving yards,Player props,PointsBet,1.77,1.57,12.8,1.87,longer,5.7,won,"0 yards, under 10.5"
2026-10-06 11:15,NFL,Atlanta Falcons @ New Orleans Saints,"ATL 45, NO 24",2026-10-02 07:50,98.4,Alvin Kamara Under 40.5 rushing yards,Player props,TAB,1.90,1.75,8.6,,,11.2,won,"23 yards, under 40.5"
2026-10-06 11:15,NFL,Atlanta Falcons @ New Orleans Saints,"ATL 45, NO 24",2026-10-03 03:30,78.7,Alvin Kamara Under 15.5 receiving yards,Player props,TAB,2.05,1.90,8.1,1.72,dropped,6.6,lost,"35 yards, over 15.5"
2026-10-06 11:15,NFL,Atlanta Falcons @ New Orleans Saints,"ATL 45, NO 24",2026-10-03 14:15,68.0,Chris Olave Over 7.5 receptions (TAB '8+'),Player props,TAB,2.70,2.40,12.6,2.20,dropped,13.9,won,8 receptions
2026-10-06 11:15,NFL,Atlanta Falcons @ New Orleans Saints,"ATL 45, NO 24",2026-10-03 16:18,65.9,Alvin Kamara Under 11.5 rush attempts,Player props,Neds,1.98,1.81,9.1,1.70,dropped,12.2,won,"7 carries, under 11.5"
2026-10-06 11:15,NFL,Atlanta Falcons @ New Orleans Saints,"ATL 45, NO 24",2026-10-04 07:22,51.9,Kyle Pitts Under 2.5 receptions,Player props,TAB,2.30,2.07,11.1,,,3.4,lost,"3 receptions, over 2.5"
2026-10-06 11:15,NFL,Atlanta Falcons @ New Orleans Saints,"ATL 45, NO 24",2026-10-04 11:22,47.9,Noah Fant Under 2.5 receptions,Player props,PointsBet,2.00,1.54,29.5,,,,void,Player did not play
2026-10-06 11:15,NFL,Atlanta Falcons @ New Orleans Saints,"ATL 45, NO 24",2026-10-05 01:26,33.8,Devaughn Vele Under 50.5 receiving yards,Player props,PointsBet,1.87,1.66,12.6,1.87,held,10.0,lost,"54 yards, over 50.5"
2026-10-06 11:15,NFL,Atlanta Falcons @ New Orleans Saints,"ATL 45, NO 24",2026-10-05 12:14,23.0,Tyler Shough Under 36.5 pass attempts,Player props,TAB,1.85,1.64,12.8,,,-1.0,lost,"48 attempts, over 36.5"
2026-10-06 11:15,NFL,Atlanta Falcons @ New Orleans Saints,"ATL 45, NO 24",2026-10-05 19:17,16.0,Austin Hooper (anytime touchdown),Scorer markets,Unibet,9.50,8.19,16.0,9.50,held,-2.8,lost,He did not score
2026-10-06 11:15,NFL,Atlanta Falcons @ New Orleans Saints,"ATL 45, NO 24",2026-10-06 02:21,8.9,Austin Hooper Over 1.5 receptions,Player props,Sportsbet,2.98,2.59,15.0,2.98,held,-6.8,lost,"1 reception, under the 1.5 line"
2026-10-06 11:15,NFL,Atlanta Falcons @ New Orleans Saints,"ATL 45, NO 24",2026-10-06 02:21,8.9,Juwan Johnson Under 45.5 receiving yards,Player props,TAB,1.95,1.66,14.5,,,-0.1,lost,"59 yards, over 45.5"
2026-10-06 11:15,NFL,Atlanta Falcons @ New Orleans Saints,"ATL 45, NO 24",2026-10-06 02:21,8.9,Zachariah Branch Under 3.5 receiving yards,Player props,Sportsbet,1.93,1.73,11.7,,,-8.0,lost,"10 yards, over 3.5"
2026-10-06 11:15,NFL,Atlanta Falcons @ New Orleans Saints,"ATL 45, NO 24",2026-10-06 02:21,8.9,Noah Fant Over 8.5 longest reception,Player props,TAB,1.85,1.62,14.1,,,,void,Player did not play
2026-10-06 11:15,NFL,Atlanta Falcons @ New Orleans Saints,"ATL 45, NO 24",2026-10-06 02:21,8.9,Juwan Johnson Under 3.5 receptions,Player props,Sportsbet,2.19,1.98,10.5,,,,lost,"6 receptions, over 3.5"
2026-10-06 11:15,NFL,Atlanta Falcons @ New Orleans Saints,"ATL 45, NO 24",2026-10-06 02:45,8.5,Austin Hooper Under 10.5 receiving yards,Player props,PointsBet,1.77,1.55,13.8,,,,won,"9 yards, under the 10.5 line"
2026-10-06 11:15,NFL,Atlanta Falcons @ New Orleans Saints,"ATL 45, NO 24",2026-10-06 03:18,7.9,Bryce Lance Under 15.5 receiving yards,Player props,PointsBet,1.87,1.73,8.1,1.90,longer,-2.0,won,"7 yards, under 15.5"
2026-10-06 11:15,NFL,Atlanta Falcons @ New Orleans Saints,"ATL 45, NO 24",2026-10-06 03:47,7.5,Bijan Robinson Under 19.5 rush attempts,Player props,Neds,1.88,1.74,8.1,1.88,held,2.4,won,"19 carries, under 19.5"
2026-10-06 11:15,NFL,Atlanta Falcons @ New Orleans Saints,"ATL 45, NO 24",2026-10-06 06:46,4.5,Kyle Pitts Under 35.5 receiving yards,Player props,TAB,1.75,1.61,8.4,,,5.0,lost,"47 yards, over the 35.5 line"
2026-10-06 11:15,NFL,Atlanta Falcons @ New Orleans Saints,"ATL 45, NO 24",2026-10-06 06:46,4.5,Bijan Robinson Under 4.5 receptions,Player props,TAB,1.90,1.75,8.8,1.72,dropped,9.9,won,"1 reception, under 4.5"
2026-10-06 11:15,NFL,Atlanta Falcons @ New Orleans Saints,"ATL 45, NO 24",2026-10-06 06:46,4.5,Tyler Shough Under 270.5 passing yards,Player props,TAB,2.05,1.78,14.9,1.68,dropped,14.3,lost,"286 yards, over 270.5"
2026-10-06 11:15,NFL,Atlanta Falcons @ New Orleans Saints,"ATL 45, NO 24",2026-10-06 07:45,3.5,Atlanta Falcons +3.5,Sharp-money moves,PointsBet,1.67,1.67,0.1,1.63,dropped,1.8,won,45-24 win covers +3.5
2026-10-06 11:15,NFL,Atlanta Falcons @ New Orleans Saints,"ATL 45, NO 24",2026-10-06 08:47,2.5,Chris Olave Under 90.5 receiving yards,Player props,TAB,1.95,1.78,9.2,,,8.3,lost,"116 yards, over 90.5"
2026-10-06 11:15,NFL,Atlanta Falcons @ New Orleans Saints,"ATL 45, NO 24",2026-10-06 09:59,1.3,Kendre Miller Under 6.5 rush attempts,Player props,TAB,2.40,1.96,22.3,2.40,held,2.2,won,"6 carries, under 6.5"
2026-10-06 11:15,NFL,Atlanta Falcons @ New Orleans Saints,"ATL 45, NO 24",2026-10-06 10:31,0.7,Oscar Delp (anytime touchdown),Scorer markets,TAB,10.00,8.63,15.9,,,,lost,He did not score
2026-10-07 10:00,NHL,Nashville Predators @ Toronto Maple Leafs,,2026-10-06 10:49,23.2,Under 5.5,Sharp-money moves,Betfair,2.18,2.16,1.2,,,,pending,
2026-10-07 11:00,NHL,St. Louis Blues @ Chicago Blackhawks,,2026-10-06 13:15,21.7,St. Louis Blues,Sharp-money moves,Unibet,1.78,1.81,-1.8,,,,pending,
2026-10-09 10:30,College football,South Florida @ UTSA,,2026-10-06 09:18,73.2,Under 49.5,Sharp-money moves,Unibet,2.07,2.10,-1.2,,,,pending,
2026-10-11 06:30,College football,Texas @ Oklahoma,,2026-09-29 18:03,275.4,Oklahoma,Game lines,Sportsbet,3.70,3.08,20.1,,,,pending,
2026-10-11 06:30,College football,Texas @ Oklahoma,,2026-09-30 07:04,262.4,Oklahoma,Game lines,Sportsbet,3.90,3.08,26.6,,,,pending,
2026-10-12 11:20,NFL,Baltimore Ravens @ Atlanta Falcons,,2026-09-30 07:04,291.3,Atlanta Falcons,Game lines,Sportsbet,3.73,3.39,10.0,,,,pending,
